Airport code,Airport Name
TUC,Benj Matienzo
FZL,Fuzuli International Airport
COV,Çukurova International Airport
GHV,Brașov-Ghimbav International Airport
DRB,Derby
UBU,Kalumburu
BQW,Balgo Hills
FYN,Fuyun Koktokay
WSK,Chongqing Wushan Airport
ДЖИ,Jizzakh Railway Station
KVM,Markovo
ДМЙ,Dombay Bus Station
NEI,Terney
БУХ,Bukhara Railway Station
HLE,Saint Helena Airport
SAG,Shirdi
YWG,Winnipeg James Armstrong Richardson International Airport
RZH,Preobrazheniye
USJ,Usharal
ТАШ,Tashkent Railway Station
COR,Ingeniero Aeronautico Ambrosio L.V. Taravella International Airport
OAK,Metropolitan Oakland International Airport
SAW,Sabiha Gokcen International Airport
BWI,Baltimore/Wash International Thurgood Marshall Airport
HAH,Prince Said Ibrahim Internatonal Airport
BXY,Krayniy-Baykonur
ETM,Ramon Airport
ILS,Ilopango
АХЗ,Arkhyz Bus Station
HSA,Hazret Sultan
TDK,Taldy-Kurgan
NAT,Sao Goncalo do Amarante-Governador Aluizio Alves Intl Airport
SCR,Scandinavian Mountains Airport
ОСО,Ossora
ZEP,Victoria Railway
FLL,Fort Lauderdale-Hollywood International Airport
SQJ,Sanming
RQY,Shivamogga Airport
XNH,Nasiriyah Airport
КПМ,Keperveyem
ПАН,Palana
ОЗР,Ozernaya
ООЛ,Omolon
ОСУ,Omsukchan
KCY,Cheremshanka
ТЬК,Tolka
YAE,Yartsevo
БИХ,Belokurikha
OMN,Zaamin Airport
WUT,Xinzhou Wutaishan
SDW,Sindhudurg-Chipi
LLV,Lyuliang Dawu
BZX,Bazhong Enyang
УОМ,Ust-Omchug
СМХ,Smirnykh
ZAY,De Keyserlei Bus Station
BKA,Bajkit
YIC,Yichun Mingyueshan
СТЗ,Bayrampasha Bus Station
USA,Concord
ВАГ,Vagay
CAN,Guangzhou Baiyun International Airport
УКЧ,Ust-Kamchatsk
NTC,Santa Carolina
BSB,Brasilia International Airport
EYA,Zeya
GRU,Sao Paulo-Guarulhos International Airport
НАВ,Navoiy Railway Station
ATH,Eleftherios Venizelos International Airport
KUK,Kasigluk Airport
BUD,Budapest Ferenc Liszt International Airport
VBA,Ann
GYG,Magan
KFS,Kastamonu
ETL,Svetlaya
HBX,Hubli Airport
LFQ,Linfen Qiaoli Airport
GSV,Saratov Gagarin Airport
UZR,Urzhar
FIZ,Fitzroy Crossing
FKQ,Fak Fak Airport
NUM,Neom Bay Airport
GGR,Garoe
ТРЛ,Tura
ZGN,Zhongshan Ferry Port
BRO,South Padre Island International Airport
ISH,Ischia Airport
IST,Istanbul New Airport
MOK,Muynak
VRY,Stolport (Not operational)
KYP,Kyaukpyu Airport
SXM,Princess Juliana International Airport
KFZ,Kukes Zayed
DSS,Blaise Diagne International Airport
ECP,NW Florida Beaches Int
BBN,Bario Airport
ZWW,Newport News Railway
JJG,Humberto Bortoluzzi
BCD,Bacolod-Silay International Airport
GER,Rafael Cabrera Airport
CFE,Clermont-Ferrand Auvergne Airport
KMV,Kalemyo Airport
SZK,Skukuza Airport
NMA,Namangan Airport
IDA,Idaho Falls Regional Airport
XPG,Gare du Nord Railway
CKG,Chongqing Jiangbei International Airport
HOM,Homer Airport
SAI,Siem Reap International Airport
OTP,Bucharest Henri Coanda International Airport
NQY,Newquay Cornwall Airport
FNA,Lungi International Airport
KAC,Kameshly Airport
HYA,Barnstable Municipal Airport
MFA,Mafia
VUP,Valledupar Airport
PNP,Girua Airport
ERF,Erfurt Airport
FLW,Santa Cruz Airport
LMU,Letung Airport
TBZ,Tabriz Airport
KBV,Krabi Airport
CUU,Gen Fierro Villalobos Airport
ZFV,Philadelphia Railway Station
PMY,El Tehuelche
CUL,Culiacan International Airport
OVS,Sovetsky Airport
YFO,Flin Flon Airport
ZFC,Bradford Bus Station
LAQ,La Braq Airport
MUZ,Musoma Airport
GVA,Geneve Airport
FGI,Fagali I Airport
MAB,Maraba Airport
BCM,Bacau Airport
JCA,Croisette Heliport
GRX,Granada Airport
HTN,Hotan Airport
FEC,Feira De Santana
SVJ,Helle Airport
FYJ,Fuyuan Dongji Airport
INC,Yinchuan Hedong International Airport
OUL,Oulu Airport
LCA,Larnaca International Airport
FRA,Frankfurt Airport
AMM,Queen Alia International Airport
FUG,Fuyang Airport
LKB,Lakeba Airport
HNY,Hengyang Nanyue Airport
THU,Pituffik Airport
SKU,Skiros Airport
RRJ,Jacarepaguá Airport
HUX,Huatulco Airport
PNH,Phnom Penh International Airport
FLR,Firenze-Peretola Airport
NVA,Benito Salas Airport
THR,Mehrabad International Airport
FNC,Madeira Airport
YJH,San Sebastian Railway Station
NUE,Nuremberg Airport
NWI,Norwich International Airport
XRF,Marseille Railway
ZZN,Nationaltheatret RailS
DLE,Dole-Jura Airport
CAH,Kamau
OAJ,Albert J Ellis Airport
ZTN,Trenton RailwaySTN
FDF,Martinique Aime Cesaire International Airport
LCG,A Coruna Airport
SNA,John Wayne Airport - Santa Ana
GUR,Gurney Airport
YXC,Canadian Rockies International Airport
NRL,North Ronaldsay Airport
YMY,Downtown Railway Station
SLN,Salina Regional Airport
LCE,Goloson International Airport
APW,Faleolo Airport
SDF,Louisville International Airport
HLD,Hulunbuir Hailar Airport
LZN,Matsu Nangan Airport
HZG,Hanzhong Airport
HUU,Huanuco Airport
ZAM,Zamboanga International Airport
OTZ,Ralph Wien Memorial Airport
NUI,Nuiqsut Airport
BDO,Husein Sastranegara Airport
JQE,Jaque Airport
ARN,Stockholm Arlanda Airport
TWF,Magic Valley Regional Airport
LIL,Lille Airport
IMP,Imperatriz Airport
EYW,Key West International Airport
LIO,Limon International Airport
MLO,Milos Airport
DUB,Dublin Airport
ZTF,Stamford Railway Station
FSM,Fort Smith Regional Airport
CVM,Ciudad Victoria Airport
SSX,Singita Safari Lodge
JDP,Heliport De Paris
BRN,Bern Airport
GOM,Goma Airport
TIH,Tikehau Atoll Airport
HNH,Hoonah Airport
PUU,Puerto Asis Airport
VTZ,Vishakhapatnam Airport
HPN,Westchester County Airport
HNZ,CZ Bus Station
HGU,Mount Hagen Airport
MAG,Madang Airport
TIN,Tindouf Airport
RMO,Chișinău International Airport
CNX,Chiang Mai International Airport
LEJ,Leipzig/Halle Airport
POA,Salgado Filho International Airport
GHB,Governor's Harbour Airport
NAA,Narrabri
IKT,Irkutsk International Airport
VAQ,Vanavara
JJU,Heliport
TIV,Tivat Airport
BDP,Bhadrapur Airport
ADF,Adiyaman Airport
JEM,Heliport
ARW,Arad
FVS,Finland Station
ZAL,Pichoy Airport
XLK,Levis Railway Station
SYO,Shonai Airport
GGT,Exuma International Airport
GOP,Gorakhpur Airport
CBT,Catumbela Airport
OIR,Okushiri Airport
TUN,Tunis-Carthage International Airport
SFA,Sfax El Maou Airport
EDO,Balikesir Koca Seyit Airport
WNP,Naga Airport
LLA,Lulea Airport
EMD,Emerald Airport
EYP,El Yopal Airport
TAT,Poprad/Tatry Airport
ELS,East London Airport
HDD,Hyderabad
REU,Reus Airport
BVG,Berlevag Airport
RDU,Raleigh-Durham International Airport
YQB,Quebec City Jean Lesage International Airport
GAJ,Junmachi Airport
RUH,King Khaled International Airport
PBI,Palm Beach International Airport
BSG,Bata Airport
JJN,Quanzhou Jinjiang International Airport
TKG,Radin Inten II Airport
BRL,Burlington Airport
SZB,Sultan Abdul Aziz Shah Airport
YJR,Vigo Railway Station
BPX,Bangda Airport
TGG,Sultan Mahmud Airport
TKQ,Kigoma Airport
TBB,Tuy Hoa Airport
ANF,Cerro Moreno International Airport
BUP,Bhatinda Airport
BDU,Bardufoss Airport
OIT,Oita Airport
ACC,Kotoka International Airport
OMH,Urmia Airport
INL,Falls International Airport
JYV,Jyvaskyla Airport
CTN,Cooktown Airport
ZRL,Lancaster Railway
CEB,Mactan-Cebu International Airport
MLL,Marshall Don Hunter Sr. Airport
EOH,Enrique Olaya Herrera Airport
RFD,Chicago Rockford International Airport
GRO,Girona-Costa Brava Airport
LNS,Lancaster Airport
XZV,Toulon Railway Station
UDJ,Uzhgorod
SSH,Sharm El Sheikh Airport
SZA,Soyo Airport
CCF,Carcassonne Airport
EPR,Esperance Airport
TBO,Tabora Airport
ZER,Zero Airport
KDH,Kandahar Airport
AAN,Al Ain Airport
RGA,Rio Grande Airport
SBA,Santa Barbara Municipal Airport
KVR,Kavalerovo
LWS,Lewiston-Nez Perce County Regional Airport
GCM,Owen Roberts International Airport
SKB,Robert L. Bradshaw International Airport
KAW,Kawthaung Airport
BTK,Bratsk Airport
NUX,Novy Urengoy Airport
PAT,Jay Prakash Narayan International Airport
KER,Kerman Airport
EUG,Eugene Airport
LGW,London Gatwick Airport
GTR,Golden Triangle Regional Airport
BRU,Brussels Airport
GRJ,George Airport
IPI,San Luis Airport
TKU,Turku Airport
MRY,Monterey Regional Airport
EVV,Evansville Regional Airport
CSL,Cabo San Lucas
ESD,Orcas Island Airport
CBO,Awang Airport
EXT,Exeter International Airport
TAB,A.N.R. Robinson International Airport
TIU,Timaru Airport
BYO,Bonito Airport
LRD,Laredo International Airport
KEM,Kemi/Tornio Airport
EZS,Elazig Airport
HAC,Hachijo Jima Airport
TOL,Toledo Express Airport
DSI,Destin-Fort Walton Beach Airport
HHH,Hilton Head Airport
IRT,Tiburtina Railway Station
KGS,Kos Airport
HEK,Heihe Airport
MSR,Mus Airport
HAM,Hamburg Airport
GRQ,Eelde Airport
KBU,Gusti Syamsir Alam Airport
ABA,Abakan Airport
KRN,Kiruna Airport
FAE,Vagar Airport
BVE,Laroche Airport
JKR,Janakpur Airport
ZKP,Zyryanka Airport
HER,Heraklion Airport
AQI,Qaisumah Airport
HDF,Heringsdorf Airport
SAB,J. Yrausquin Airport
MSP,Minneapolis-St. Paul International Airport
KZO,Kzyl-Orda Airport
KSJ,Kasos Island Airport
ZRJ,Round Lake Airport
KNH,Kinmen Airport
BOM,Chhatrapati Shivaji International Airport
HGN,Mae Hong Son Airport
XXZ,Sundsvall C Rail Station
MVQ,Mogilev
PAV,Paulo Afonso Airport
TGD,Podgorica Airport
KLV,Karlovy Vary Airport
GWL,Gwalior Airport
LLF,Lingling Airport
SAN,San Diego International Airport
PNS,Pensacola International Airport
XQP,Quepos Airport
SOC,Adi Sumarmo International Airport
TIF,Taif Airport
RRG,Rodrigues Island Airport
ISR,Salerno Railway Station
AGC,Allegheny County Airport
SLZ,Marechal Cunha Machado International Airport
PIE,St. Petersburg-Clearwater International Airport
YVO,Val-d'Or Airport
LBS,Labasa Airport
KTW,Katowice International Airport
ROS,Fisherton Airport
LPQ,Luang Prabang International Airport
LBL,Liberal Municipal Airport
KRW,Turkmanbashi Airport
ZFG,Sheffield Bus Station
HSL,Huslia Airport
BHV,Bahawalpur Airport
FSP,Saint Pierre Airport
XZI,Lorraine TGV Rail Station
LAO,Laoag Airport
VST,Vasteras/Hasslo Airport
LGG,Liege Airport
LAW,Lawton-Fort Sill Regional Airport
YCU,Yuncheng Airport
KYA,Konya Airport
PAP,Toussaint Louverture International Airport
DUS,Dusseldorf International Airport
OZC,Labo Airport
LDY,City of Derry Airport
BHM,Birmingham-Shuttlesworth International Airport
SLY,Salekhard Airport
LRR,Lar Airport
PAS,Paros Airport
KTS,Brevig Mission Airport
BTM,Butte Airport
NOP,Sinop Airport - Turkey
NAW,Narathiwat Airport
AVP,Wilkes-Barre/Scranton International Airport
BHY,Beihai Fucheng Airport
KSQ,Karshi Airport
LGA,LaGuardia Airport
ABL,Ambler Airport
OZZ,Ouarzazate Airport
XHJ,Aachen Hbf Railway Station
YBG,Saguenay-Bagotville Airport
LEA,Learmonth Airport
GPT,Gulfport-Biloxi International Airport
KUH,Kushiro Airport
SRQ,Sarasota Bradenton International Airport
YCB,Cambridge Bay Airport
SDJ,Sendai Airport
LJG,Lijiang Airport
LCY,London City Airport
TBW,Tambov Donskoye Airport
PAG,Pagadian Airport
MNG,Maningrida Airport
RNS,Rennes Airport
BHX,Birmingham International Airport
ABM,Northern Peninsula Airport
PHW,Phalaborwa Airport
PHE,Port Hedland International Airport
KTA,Karratha Airport
XPL,Coronel Enrique Soto Cano AB
KRY,Karamay Airport
SEA,Seattle-Tacoma International Airport
YMT,Chibougamau Airport
BJR,Bahar Dar Airport
KXK,Khurba Airport
BGI,Grantley Adams International Airport
SJJ,Sarajevo International Airport
LBD,Khujand Airport
BJI,Bemidji Airport
ACT,Waco Municipal Airport
BIL,Billings Logan International Airport
GNB,Grenoble-Isere Airport
PRY,Wonderboom Airport
PDK,DeKalb Peachtree Airport
RIS,Rishiri Airport
SPX,Giza Sphinx
BBK,Kasane Airport
LOE,Loei Airport
BIS,Bismarck Airport
LBV,Libreville Airport
YKF,Region of Waterloo International Airport
MCG,McGrath Airport
KZS,Kastellorizo Airport
XHN,Guillemins, Raiway Stn
SPD,Saidpur Airport
LCH,Lake Charles Regional Airport
EJA,Variguies Airport
DNZ,Cardak Airport
PHO,Point Hope Airport
LST,Launceston Airport
HNL,Honolulu International Airport
MLM,Morelia Airport
OZG,Zagora Airport
YCD,Nanaimo Airport
YZS,Coral Harbour Airport
TRG,Tauranga City Airport
OHH,Novostroyka Airport
NTY,Pilanesberg International Airport
YYQ,Churchill Airport
LSY,Lismore Airport
LKN,Leknes Airport
IZA,Zona da Mata Regional Airport
LGB,Long Beach Airport
BEW,Beira Airport
PLN,Emmet County Airport
MAM,Matamoros Airport
ZDU,ScotRailway
LOK,Lodwar Airport
BNE,Brisbane Airport
PKZ,Pakse Airport
TNN,Tainan Airport
LCJ,Lodz Lublinek Airport
YYD,Smithers Airport
BPS,Porto Seguro Airport
AFA,San Rafael Airport
GPI,Guapi Airport
CLE,Cleveland Hopkins International Airport
TMU,Tambor Airport
LSI,Sumburgh Airport
IGT,Magas Airport
LEC,Coronel Horacio de Mattos Airport
NSH,Now Shahr Airport
NKT,Shirnak
ABY,Southwest Georgia Regional Airport
TUL,Tulsa International Airport
LTN,London Luton Airport
ZRA,Atlantic City Railway Station
CIU,Chippewa County Airport
LTO,Loreto Airport
SVL,Savonlinna Airport
BJM,Bujumbura International Airport
KQT,Qurghonteppa International Airport
ZTE,Rochester NY Railway
JUV,Heliport
NGL,Ngala Airfield
HEV,Huelva
CXI,Christmas Island Airport
ADZ,Gustavo Rojas Pinilla Airport
PVB,Punta Del Este Bus Station
SAC,Sacramento Executive Airport
CGR,Campo Grande International Airport
AEP,Jorge Newbery Airport
TGT,Tanga Airport
QFI,Heliport
CDT,Castellon
PLU,Belo Horizonte Airport
GLF,Golfito Airport
XUN,Hailey Bus Station
LRT,Lann Bihoue Airport
AGB,Augsburg Airport
XPJ,Montpellier Railway
HVR,Havre City County Airport
BLJ,Batna Airport
RIC,Richmond International Airport (Byrd Field)
DGH,Deoghar Airport
КАР,Karshi Railway Station
QWB,Ostbahnhof Railway Station
SUF,Lamezia Terme International Airport
ZRD,Richmond VA Railway
PWK,Chicago Executive Airport
IQN,Qingyang Airport
BKC,Buckland Airport
LGQ,Lago Agrio Airport
MAS,Momote Airport
MDW,Chicago Midway International Airport
BGM,Greater Binghamton Airport
ZBB,Esbjerg Railway Station
LZO,Luzhou Lantian Airport
XIC,Xichang Airport
GEN,Oslo - Gardermoen Airport
MDQ,Mar Del Plata Airport
LWN,Leninakan Airport
PPB,A. De Barros Airport
ZWS,Stuttgart Hauptbahnhof
ZDJ,Bern Railway Station
PVK,Aktion Airport
YJE,Alicante Railway Station
EYK,Beloyarsky Airport
TGK,Taganrog
SDG,Sanandaj Airport
MAD,Adolfo Suarez Madrid-Barajas Airport
TGZ,Angel Albino Corzo International Airport
CMW,Ign Agramonte International Airport
AGF,La Garenne Airport
PIU,Cap. FAP Guillermo Concha Iberico International Airport
BTR,Baton Rouge Metropolitan Airport
DIU,Diu Airport
ABS,Abu Simbel
BRM,Barquisimeto Airport
LAR,General Brees Field
ABR,Aberdeen Municipal Airport
ERG,Erbogachen Airport
URA,Uralsk Airport
JJM,Mulika Lodge Airport
CDC,Cedar City Airport
MIR,Habib Bourguiba International Airport
ONS,Onslow Airport
DMM,King Fahd International Airport
SGN,Tan Son Nhat International Airport
IFO,Ivano-Frankovsk Airport
TPY,Porta Nuova Railway Station
XYP,Avesta Krylbo
RDN,LTS Pulau Redang
USR,Ust-Nera Airport
YHZ,Halifax Stanfield International Airport
CNN,Kannur International Airport
THS,Sukhothai Airport
WHK,Whakatane Airport
MPN,Mount Pleasant
XYZ,Harnosand Railway Station
FNJ,Pyongyang Sunan International Airport
SGF,Springfield-Branson National Airport
KRT,Khartoum International Airport
SPR,San Pedro
SJU,Luis Munoz Marin International Airport
SGX,Songea
NAG,Dr. Babasaheb Ambedkar International Airport
ZWU,Washington Union Railway Station
BVC,Rabil Airport
DCF,Canefield Airport
VGA,Vijayawada Airport
MID,Manuel Crescencio Rejon International Airport
PRG,Vaclav Havel Airport Prague
MDZ,El Plumerillo International Airport
ALS,Alamosa Municipal Airport
YUL,Montreal-Pierre Elliott Trudeau International Airport
CRD,General E. Mosconi International Airport
SDQ,Las Americas International Airport
BTV,Burlington International Airport
SDU,Santos Dumont Airport
BBU,Baneasa
BTU,Bintulu Airport
ICI,Cicia
AXD,Demokritos Airport
PAB,Bilaspur
JHW,Jamestown Airport
ADL,Adelaide Airport
SHH,Shishmaref Airport
QFV,Bergen Railway Station
ARK,Arusha Airport
ZNA,Nanaimo Harbour
CJA,Cajamarca Airport
BVB,Boa Vista Airport
OUA,Ouagadougou International Airport
CBR,Canberra Airport
KSL,Kassala Airport
QYU,Gavle C Railway Station
AMQ,Pattimura Airport
OUD,Les Angades Airport
FCA,Glacier Park International Airport
URE,Kuressaare Airport
AEY,Akureyri Airport
TTJ,Tottori Airport
AZR,Adrar Airport
VAG,Major-Brigadeiro Trompowsky Airport
SKZ,Sukkur Airport
CEI,Chiang Rai International Airport
CGB,Marechal Rondon International Airport
VBS,Montichiari Airport
AMS,Amsterdam Airport Schiphol
JTY,Astypalaia Airport
CAE,Columbia Metropolitan Airport
ORN,Es Senia Airport
BZG,Bydgoszcz Airport
VAV,Lupepau'u Airport
VAA,Vaasa Airport
ANR,Antwerp International Airport
PLS,Providenciales International Airport
AKL,Auckland Airport
DEA,Dera Ghazi Khan Airport
CBQ,Calabar Airport
AKY,Civil Airport
CKY,Conakry Airport
ARI,Chacalluta Airport
VHM,Vilhelmina Airport
APL,Nampula Airport
BDA,L.F. Wade International Airport
WDH,Hosea Kutako International Airport
HRI,Mattala Rajapaksa International Airport
HCQ,Halls Creek
OWB,Daviess County Airport
VVZ,Illizi Airport
HRG,Hurghada International Airport
VIT,Vitoria Airport
CAW,Bartolomeu Lisandro Airport
BFD,Bradford Airport
XDQ,London Railway Station
ATY,Watertown Airport
CLJ,Avram Iancu Cluj International Airport
CCP,Carriel Sur Airport
TSO,Tresco
BZN,Bozeman Yellowstone International Airport
BZV,Maya Maya Airport
CAI,Cairo International Airport
AOG,Anshan Teng'ao Airport
BEB,Benbecula Airport
CDR,Chadron Airport
AOR,Sultan Abdul Halim Airport
AUX,Araguaina Airport
BJZ,Badajoz Airport
BRR,North Bay Airport
NTB,Notodden Airport
BEJ,Kalimarau Airport
BHD,George Best Belfast City Airport
ATT,Atmautluak Airport
BAY,Baia Mare
BAV,Baotou Airport
PKA,Napaskiak Sea Plane Base
WNZ,Wenzhou Longwan International Airport
CFK,Chlef International Airport
AYP,Yanamilla Airport
PNY,Pondicherry
BJX,Guanajuato International Airport
BDJ,Syamsudin Noor International Airport
BHI,Comandante Airport
CRZ,Turkmenabad
AQG,Anqing Tianzhushan Airport
CHU,Chuathbaluk Airport
BGW,Baghdad International Airport
BDS,Brindisi - Salento Airport
BDQ,Vadodara Airport
CRK,Diosdado Macapagal International (Clark International)
IKI,Iki Airport
VRL,Vila Real Airport
APF,Naples Municipal Airport
PGH,Pantnagar Airport
WAE,Wadi Ad Dawasir Airport
AQP,Rodriguez Ballon International Airport
SJW,Shijiazhuang Daguocun Airport
BGY,Orio al Serio International Airport
BKZ,Bukoba Airport
BVH,Vilhena Airport
RNN,Bornholm Airport
BMU,Sultan Muhammad Salahuddin Airport
BUQ,Bulawayo Airport
PDV,Plovdiv Airport
SLA,Martin Miguel de Guemes International Airport
BUS,Batumi Airport
XIX,Porta Nuova Railway
WRY,Westray Airport
AGP,Malaga Airport
CAY,Felix Eboue Airport
NSR,Serra da Capivara Airport
CHX,Changuinola
MEE,Mare Airport
KWI,Kuwait International Airport
BRI,Palese Airport
YLL,Lloydminster
KRB,Karumba Airport
LYC,Lycksele Airport
BOO,Bodo Airport
BJW,Bajawa Soa Airport
ELM,Elmira Corning Regional Airport
XIK,Milan Centrale Railway Station
UME,Umea Airport
IMT,Ford Airport
BER,Brandenburg
IAD,Washington Dulles International Airport
WRO,Wroclaw Airport
LKO,Chaudhary Charan Singh International Airport
PSP,Palm Springs International Airport
PIZ,Dew Station Airport
KYZ,Kyzyl Airport
CGQ,Changchun Longjia International Airport
IKU,Issyk-Kul International Airport
GNY,Sanliurfa GAP Airport
HNM,Hana Airport
PIK,Glasgow Prestwick Airport
ZFT,Fort Lauderdale Railway Station
ATZ,Assiut Airport
TJM,Roshchino International Airport
ZFZ,Buffalo Depew Rr
VYI,Vilyuisk
VTB,Vitebsk
CEK,Chelyabinsk International Airport
CFS,Coffs Harbour Airport
YKH,Yingkou Lanqi
BJA,Bejaia Airport
PPN,Guillermo Leon Valencia Airport
KUL,Kuala Lumpur International Airport
PMA,Wawi Airport
XAI,Xinyang Minggang
OMS,Omsk Airport
CVT,Coventry Airport
PTY,Tocumen International Airport
CCJ,Calicut International Airport
LTX,Cotapaxi International Airport
STW,Stavropol Airport
ЕСН,Essentuki Bus Station
DVO,Francisco Bangoy Intl Airport
ELD,South Arkansas Regional Airport
CDV,Mudhole Smith Airport
PWM,Portland International Jetport
PKC,Petropavlovsk-Kamchatsky Airport
XLM,St Lambert Railway
PRM,Portimao Airport
CIY,Comiso Airport
CLT,Charlotte Douglas International Airport
XFY,Sainte-Foy Railway
ZTM,Shamattawa Airport
SMR,Simon Bolivar International Airport
KHV,Khabarovsk Airport
XGR,Kangiqsualujjuaq Airport
XEV,Stockholm C Rail Station
FAT,Fresno Yosemite International Airport
NBC,Begishevo Airport
ZKD,Moscow Leningradsky Railway Station
TLL,Tallinn Airport
ELF,El Fasher Airport
PKE,Parkes Airport
ASR,Kayseri Airport
GYD,Heydar Aliyev International Airport
PKV,Pskov Airport
QGQ,Heliport
QPW,Heliport
IQM,Qiemo Airport
RST,Rochester International Airport
JIC,Jinchuan Airport
PYG,Pakyong Airport
XIV,Campo Grande Rail Station
GBE,Sir Seretse Khama International Airport
LUZ,Lublin Airport
KLF,Grabtsevo Airport
ZWI,Wilmington Railway
XFA,Lille Flanders RailwaySv
DIW,Mawella Lagoon Airport
TIP,Tripoli International Airport
TOD,Tioman
NJC,Nizhnevartovsk Airport
NSK,Noril'sk Airport
JED,King Abdulaziz International Airport
DLC,Dalian Zhoushuizi International Airport
ZAG,Zagreb International Airport
BDB,Bundaberg Airport
GDE,Gode/Iddidole Airport
CMI,Willard University Airport
XJT,Tours Railway Station
XHW,Alice Springs Railway
PRA,General Justo Jose de Urquiza Airport
CND,Kogalniceanu Airport
LOS,Murtala Muhammed International Airport
SNC,General Ulpiano Paez Airport
TUG,Tuguegarao Airport
MCT,Muscat International Airport
ULV,Baratayevka
FDE,Bringeland Airport
WNH,Wenshan Puzhehei Airport
XVQ,Santa Lucia Railway
BJB,Bojnord
TRR,China Bay
NSI,Nsimalen Airport
UTS,Ust-Tsilma
CUR,Curacao International Airport
VPS,Destin Fort Walton Beach Airport
RAP,Rapid City Regional Airport
ISB,Islamabad International Airport
BOJ,Bourgas Airport
KJH,Kaili Huangping
AUS,Austin-Bergstrom International Airport
FRO,Flora Airport
YAK,Yakutat Airport
LKL,Banak Airport
BAH,Bahrain International Airport
MYR,Myrtle Beach International Airport
XZN,Avignon Railway
SUY,Suntar
HHQ,Hua Hin Airport
TYD,Tynda Airport
PKX,Beijing Daxing International Airport
OHO,Okhotsk
BUF,Buffalo Niagara International Airport
ZQZ,Zhangjiakou Ningyuan Airport
GIU,Sigiriya Slaf Base
JOE,Joensuu Airport
MMK,Murmansk Airport
TVU,Matei Airport
SWF,Stewart International Airport
PSU,Putussibau Airport
UIH,Phu Cat Airport
GME,Gomel Airport
YJB,Sants Railway Station
ZLQ,Oerlikon Railway Station
XWC,Vienna Central Station
SOW,Show Low Airport
XAD,Churchill Railway Station
PZB,Pietermaritzburg Airport
SOQ,Sorong Airport
CPT,Cape Town International Airport
PQM,Palenque
ДЖБ,Dzhalal-Abad
LDE,Tarbes Ossun Lourdes Airport
MDE,Jose Maria Cordova International Airport
CZM,Cozumel Airport
ZAZ,Zaragoza Airport
HKG,Hong Kong International Airport
UKG,Ust-Kuiga
GMO,Gombe Lawanti International Airport
MBE,Monbetsu Airport
IXI,Lilabari Airport
SES,Svetlogorsk
RAE,Arar Airport
GPA,Araxos Airport
ANU,V.C. Bird International Airport
MBD,Mmabatho International Airport
SXZ,Siirt Airport
JBQ,La Isabela International Airport
ATK,Atqasuk Airport
SIS,Sishen Airport
REX,Gen Lucio Blanco International Airport
ITT,Porta Susa Railway Station
MAQ,Mae Sot Airport
PAE,Snohomish County - Paine Field
YJL,Santander Railway Station
VNY,Van Nuys Airport
MLA,Malta International Airport
MQJ,Moma
REC,Guararapes-Gilberto Freyre International Airport
MIA,Miami International Airport
VDO,Van Don
NRT,Narita International Airport
ZYA,Amsterdam Centraal Railway Station
ATW,Outagamie County Regional Airport
USN,Ulsan Airport
CPC,Chapelco Airport
OLF,Wolf Point International Airport
AUG,Augusta Airport
SRI,Temindung Airport
SYS,Saskylakh Airport
XZM,Macau Ferry
PMK,Palm Island Airport
JAX,Jacksonville International Airport
IWK,Iwakuni Kintaikyo Airport
YPJ,Aupaluk Airport
YQX,Gander International Airport
JQF,Savelovsky Railway Station
QBF,Vail Bus Station
MHR,Mather Airport
KUF,Kurumoch International Airport
JDO,Orlando Bezerra de Menezes Airport
RCH,Riohacha Airport
TTE,Babullah Airport
PDA,Puerto Inirida
CAG,Cagliari Elmas Airport
NTN,Normanton Airport
KMW,Sokerkino
DKR,Leopold Sedar Senghor International Airport
PQC,Phu Quoc Airport
SZI,Zaisan
ZYD,Lisbon TP
CRA,Craiova Airport
CRV,Crotone
MZH,Merzifon Airport
PTP,Pointe-a-Pitre International Airport
CRM,National Airport
GUW,Atyrau Airport
LIG,Bellegarde Airport
GAY,Gaya Airport
YPY,Fort Chipewyan Airport
ZBV,Beaver Creek Bus Station
PCN,Picton Aerodrome
EDI,Edinburgh Airport
TAG,Bohol-Panglao
YSJ,Saint John Airport
ROA,Roanoke-Blacksburg Regional Airport
EGM,Sege Airport
WMI,Warsaw-Modlin Airport
SJT,San Angelo Regional Airport
YXJ,North Peace Regional Airport
БАТ,Batken
ZIH,Ixtapa/Zihuatanejo Internacional Airport
LCK,Rickenbacker International Airport
IAO,Sayak (Siargao)
JUJ,El Cadillal Airport
XEU,Hyatt Rgncy EY Bus Station
ATQ,Sri Guru Ram Dass Jee International Airport
RJH,Rajshahi Airport
LIM,Jorge Chavez International Airport
INU,Nauru International
PMI,Palma de Mallorca Airport
SRE,Juana Azurduy de Padilla International Airport
TRV,Trivandrum International Airport
EZV,Berezovo
EPA,El Palomar
YZF,Yellowknife Airport
AUR,Aurillac Airport
KNK,Kokhanok Airport
AGU,Aguascalients International Airport
ECN,Ercan Airport
ANC,Ted Stevens Anchorage International Airport
MUC,Franz Josef Strauss Airport
CSH,Solovky
GZO,Gizo Airport
LMN,Limbang Airport
BUN,Buenaventura
SDX,Sedona
XJK,Klaipeda Bus Station
EKS,Shakhtyorsk Airport
GAN,Gan/Seenu Airport
JGD,Jiagedaqi Airport
GST,Gustavus Airport
STP,St. Paul Downtown Airport
NAV,Nevsehir
ASU,Silvio Pettirossi International Airport
RBY,Ruby Airport
RGN,Yangon International Airport
ZLK,St Petersburg Moskovsky Railway Station
BTC,Batticaloa
KNA,Vina del Mar
VRC,Virac Airport
HOG,Frank Pais Airport
HET,Hohhot Baita International Airport
ZXS,Exchangest Railway
DAT,Datong Airport
RTB,Roatan Airport
ZAH,Zahedan Airport
CVQ,Carnarvon Airport
AVA,An Shun/Huang Guo Shu Airport
AGR,Kheria
SUK,Sakkyryr Airport
AEX,Alexandria International Airport
EFL,Kefallinia Airport
CPH,Copenhagen Airport
ZMP,Manchester Bus Station
MSY,Louis Armstrong New Orleans International Airport
YJD,Franca Railway Station
YJI,Abando Railway Station
BPE,Qinhuangdao Beidaihe Airport
JQA,Qaarsut Airport
LPP,Lappeenranta
OPF,Opa-locka Executive Airport
HUZ,Huizhou Airport
ZFJ,Rennes
KYY,Karamay Bus Station
UIK,Ust-Ilimsk
JNS,Heliport
AXR,Arutua Airport
CYX,Cherskiy Airport
ZEL,Bella Bella Airport
LBB,Lubbock Preston Smith International Airport
IXG,Belgaum Airport
BLQ,Guglielmo Marconi Airport
ROR,Airai Airport
MXX,Mora Airport
BQG,Bogorodskoye
EIS,Terrance B. Lettsome International Airport
VHV,Verhnevilyuisk
BQJ,Batagay
ZUH,Zhuhai Jinwan Airport
GDX,Magadan Airport
CAZ,Cobar
SID,Amilcar Cabral International Airport
AWZ,Ahwaz Airport
SUV,Nausori Airport
ZFY,Katowice Bus Station
JUH,Chizhou Jiuhuashan Airport
ZBA,Basel Bad Railway Station
ZLY,Albany Railway Station
CGM,Mambajao
BWX,Banyuwangi
MRZ,Moree Airport
BOB,Motu Mute Airport
QXG,Angers Railway Station
TLY,Plastun Airport
MRX,Mahshahr Airport
ZHT,Geneva Railway Station
GLA,Glasgow International Airport
BQD,Brindisi Railway Station
ZDN,Brno Bus Station
JHS,Sisimiut Airport
VKO,Vnukovo Airport
LUA,Lukla
NLI,Nikolaevsk-na-Amure
EBJ,Esbjerg Airport
BSC,Bahia Solano
JAE,Shumba Airport
KGD,Khrabrovo Airport
CXB,Coxs Bazar Airport
PKN,Iskandar Airport
SGC,Surgut Airport
DND,Dundee Airport
PMO,Falcone-Borsellino Airport
HEH,Heho Airport
PEZ,Penza Airport
UMS,Ust-Maya
RVD,Rio Verde Airport
LUW,Bubung Airport
ЧМИ,Chumikan
VAN,Van Ferit Melen Airport
LHW,Lanzhou Zhongchuan International Airport
AER,Sochi International Airport
CGP,Shah Amanat International Airport
INA,Inta Airport
DTM,Dortmund Airport
BQS,Blagoveschensk Airport
IXK,Keshod
LPX,Liepaya Airport
VVO,Vladivostok International Airport
BFN,Bram Fischer International Airport
DAM,Damascus International Airport
XKL,Sentral Railway Station
UUS,Yuzhno-Sakhalinsk Airport
CHQ,Chania International Airport
XYJ,Holesovice Railway Station
ZYT,Maastricht Railway Station
DKS,Dikson
SCF,Scottsdale Airport
ERL,Eren Hot Airport
NLD,Quetzalcoatl International Airport
AZA,Phoenix-Mesa Gateway Airport
DCY,Daocheng Yading Airport
BVA,Beauvais-Tille Airport
IXY,Kandla
MSZ,Yuri Gagarin Airport
XDD,Gaspe Railway Station
HTG,Hatanga Airport
TYS,McGhee Tyson Airport
EIN,Eindhoven Airport
CMF,Chambery
AZD,Yazd Airport
KYN,Milton Keynes
ITU,Iturup
JKG,Axamo Airport
KCK,Kirensk Airport
TNH,Tonghua Sanyuanpu Airport
SUS,Spirit of St. Louis Airport
RGK,Gorno-Altaysk Airport
XIT,Leipzig Hbf Rail Station
GVN,May-Gatka
EBL,Erbil International Airport
DPT,Deputatsky
CJJ,Cheongju Airport
TGR,Touggourt Airport
PLQ,Palanga International Airport
EEP,Pamplona Railway Station
SAH,Sana'a International Airport
BAQ,E Cortissoz Airport
LRM,La Romana Airport
NUF,Castlereigh Reservoir Waterdrome
XAX,Dorval Railway Station
EBB,Entebbe International Airport
QDH,Ashford International Railway Station‬‏
PZE,Penzance
DME,Moscow Domodedovo Airport
XDB,Europe Railway Station
ELI,Elim Airport
SVX,Koltsovo International Airport
ZCO,Temuco Airport
IMR,Rogoredo Railway Station
EOI,Eday Airport
XNM,Nottingham Railway Station
LPT,Lampang Airport
DYR,Anadyr Airport
KAA,Kasama Airport
MUR,Marudi Airport
XNC,Cadorna Railway Station
KUV,Gunsan Airport
AJI,Agri Airport
KNX,Kununurra Airport
NYT,Nay Pyi Taw Airport
XJF,Falun Bus Station
ZIA,Zhukovsky International Airport
HIR,Honiara International Airport
YJG,Granada Railway Station
XFP,Malmo C Railway Station
IRR,Ostiense Railway Station
XWG,Strasbourg Railway Station
EGN,Geneina Airport
LGK,Langkawi International Airport
JIQ,Qianjiang Wulingshan Airport
UST,St. Augustine Airport
TLK,Talakan
JQO,Belorussky Railway Station
CQW,Chongqing Xiannyushan Airport
XHP,Gare de l'Est Rail Station
KPW,Keperveyem Airport
IPR,Porta Garibaldi Station
KZN,Kazan International Airport
NZL,Zalantun Chengjisihan
KSE,Kasese Airport
TPE,Taiwan Taoyuan International Airport
HUE,Humera Airport
CSY,Cheboksary Airport
SJE,San Jose Del Gua
FRE,Fera Island Airport
PNI,Pohnpei Airport
XAA,Yerevan Stadium
XWR,Orebro C Railway Station
HAN,Noi Bai International Airport
NDC,Nanded
SVO,Sheremetyevo International Airport
ELQ,Prince Nayef bin Abdulaziz Regional Airport
BCI,Barcaldine Airport
OHS,Sohar Airport
SKP,Skopje Alexander the Great Airport
CYI,Chiayi Airport
MZV,Mulu Airport
FMM,Memmingen Allgau Airport
ZLS,Liverpool St Rail Station
CVG,Cincinnati/Northern Kentucky Airport
THL,Tachilek Airport
XRJ,Termini Railway.
ERS,Eros Airport
SYX,Sanya Phoenix International Airport
VQS,Antonio Rivera Rodriguez Airport
KET,Keng Tung Airport
SVD,Argyle International Airport
GZP,Gazipasa Airport
SWA,Jieyang Chaoshan Airport
XLQ,Guildwood Railway Station
JSJ,Jiansanjiang Airport
CHS,Charleston International Airport
ELG,El Golea Airport
LIH,Lihue Airport
IIL,Ilaam Airport
IRM,Igrim
XKH,Xieng Khouang Airport
FPO,Grand Bahama International Airport
MAO,Eduardo Gomes International Airport
YWB,Kangiqsujuaq Airport
CPE,Campeche International Airport
TJA,Capitan Oriel Lea Plaza Airport
ZSV,St Louis Railway Station
MOT,Minot International Airport
KRK,J. Paul II International Airport Krakow-Balice
HUH,Huahine Airport
KLB,Kalabo Airport
HME,Oued Irara Airport
YJC,A Coruna Railway Station
PMV,Santiago Marino International Airport
IQT,C.F. Secada Vignetta International Airport
TMS,Sao Tome Island Airport
LZH,Liuzhou Airport
KNU,Kanpur Airport
WMO,White Mountain Airport
BES,Brest Bretagne Airport
KLH,Kolhapur
BFM,Mobile Downtown Airport
YOW,Ottawa/Macdonald-Cartier International Airport
OST,Ostend-Bruges International Airport
KIH,Kish International Airport
TIZ,Tari Airport
GAO,Los Canos Airport
HFA,Haifa Airport
HMA,Khanty-Mansiysk Airport
LYS,Lyon Saint-Exupery International Airport
TMJ,Termez Airport
SIN,Changi International Airport
TRS,Trieste - Friuli Venezia Giulia Airport
INT,Smith-Reynolds Airport
TST,Trang Airport
YYG,Charlottetown Airport
ARM,Armidale Airport
IPC,Mataveri International Airport
BEG,Belgrad Nikola Tesla Airport
ZBR,Chah-Bahar Airport
XLJ,Quebec Stn. Railway
UET,Quetta Airport
HAQ,Hanimaadhoo Airport
LIW,Loikaw Airport
MII,Dr Gastao Vidigal Airport
CYB,Charles Kirkconnel International Airport
ISA,Mount Isa Airport
HSR,Rajkot Hirasar
YMN,Makkovik Airport
IMF,Imphal Municipal Airport
TYN,Taiyuan Wusu International Airport
IXR,Birsa Munda Airport
EBA,Marina Di Campo Airport
BFL,Meadows Field Airport
TXF,Teixeira de Freitas Airport
IFP,Laughlin Bullhead International Airport
FRL,Luigi Ridolfi
TRO,Taree Airport
HIN,Sacheon Airport
HYD,Rajiv Gandhi International Airport
ERC,Erzincan Airport
UIP,Pluguffan Airport
GNA,Grodno Airport
JHM,Kapalua Airport
IXL,Leh Airport
OND,Ondangwa Airport
STM,Santarem-Maestro Wilson Fonseca Airport
XRK,Paveletskiy Railway.
ZYF,Faro TP
JCU,Ceuta Heliport
CUK,Caye Caulker
SFG,Esperance Airport
KHS,Khasab Airport
SVZ,San Antonio
PTU,Platinum Airport
JJD,Jericoacoara
KAN,Mallam Aminu Kano International Airport
IZO,Izumo Airport
ZXA,Aberdeen Railway Station
RRK,Rourkela
ZWB,Williamsburg Railway
UKE,Utkela Airport
PYB,Jeypore
HUN,Hualien Airport
ISU,Sulaimaniyah International Airport
KAJ,Kajaani Airport
WYS,Yellowstone Airport
KWL,Guilin Liangjiang International Airport
JMK,Mikonos Airport
CJC,El Loa Airport
SYR,Hancock International Airport
SHG,Shungnak Airport
KDZ,Polgolla Reservoir Airport
MGF,Regional De Maringa
JDZ,Jingdezhen Airport
EMK,Emmonak Airport
KAO,Kuusamo Airport
UVE,Ouvea Airport
JPR,Ji-Parana Airport
IXP,Pathankot
BND,Bandar Abbas International Airport
BGC,Braganca Airport
JLR,Jabalpur Airport
DRP,Bicol
VPY,Chimoio Airport
MCZ,Maceio-Zumbi dos Palmares International Airport
IRI,Nduli Airport
RAJ,Civil Airport
ABD,Abadan Airport
MQX,Makale Airport
IPL,Imperial County Airport
EWB,New Bedford Airport
UPN,Licenciado y General Ignacio Lopez Rayon Airport
OSY,Namsos Airport
JEG,Aasiaat Airport
HYN,Luqiao Airport
VAR,Varna Airport
VCL,Chu Lai International Airport
JFK,John F. Kennedy International Airport
ZTO,Boston South Railway
JPA,Presidente Castro Pinto International Airport
VDS,Vadso Airport
JBR,Jonesboro Airport
JHB,Senai Airport
IXM,Madurai Airport
VIF,Vieste
PLV,Poltava
JRO,Kilimanjaro International Airport
RFP,Raiatea Airport
JST,Cambria County Airport
XDV,Pr. George Railway
BKB,Bikaner
KCT,Koggala Airport
JSY,Syros Island Airport
ZXZ,Jumeirah Beach Bus Station
BNJ,Bonn Hbf Railway Station
VRB,Vero Beach Municipal Airport
PPT,Tahiti Faa'a Airport
XZL,Edmonton Railway Station
BGR,Bangor International Airport
VIE,Vienna International Airport
XIU,Erfurt Hbf Railway Station
SHA,Shanghai Hongqiao International Airport
CHC,Christchurch International Airport
SHF,Shihezi Huayuan
HTT,Huatugou
RCB,Richards Bay Airport
KBL,Kabul International Airport
XFZ,Charny
KOE,El Tari Airport
XEF,Winnipeg Railway Station
HWD,Hayward Executive Airport
KTL,Kitale Airport
MCE,Merced Municipal Airport
KMG,Kunming Changshui International Airport
QQN,New Street Rail Station
WUS,Wuyishan Airport
PHF,Newport News/Williamsburg International Airport
GYA,Guayaramerin Airport
OPS,Sinop Airport
KIS,Kisumu Airport
ZML,Milwaukee General Mitchell
BHO,Raja Bhoj Airport
VNS,Lal Bahadur Shastri International Airport
KOW,Ganzhou Airport
BHU,Bhavnagar Airport
IGA,Inagua Airport
BHS,Raglan Airport
CXH,Coal Harbour Sea Plane Base
LNJ,Lincang Airport
SEK,Srednekolymsk Airport
MGH,Margate Airport
XWL,Goteborg C Railway Station
BHQ,Broken Hill Airport
YDF,Deer Lake Regional Airport
XWT,Mitte CAT Rail Station
KSD,Karlstad Airport
NAP,Naples International Airport
LAP,Leon Airport
GGM,Kakamega Airport
XJB,Barcelona Bus Station
XHK,Valence TGV Railway Station
MEX,Benito Juarez International Airport
KQH,Kishangarh
XUZ,Xuzhou Guanyin Airport
KVX,Kirov Airport
KOK,Kruunupyy Airport
EEU,Leon Railway Station
BIO,Bilbao Airport
IPZ,Perez Zeledon
KUU,Bhuntar Airport
CRC,Cartago
UBN,Chinggis Khaan International Airport
KVA,Kavala International Airport
KUT,Kutaisi International Airport
VAM,Villa International Airport Maamigili
PRI,Praslin Island Airport
YWK,Wabush Airport
HPG,Shennongjia
GRB,Austin Straubel International Airport
SBW,Sibu Airport
GLH,Greenville Airport
CEC,Del Norte County Regional Airport
YWH,Victoria Inner Harbour Airport
MFR,Rogue Valley International-Medford Airport
KUS,Kulusuk Airport
KWE,Guiyang Longdongbao International Airport
DNK,Dnipro International Airport
CSG,Columbus Airport
ПАЧ,Pakhachi
LDU,Lahad Datu Airport
ZLZ,Leeds Bus Station
DEL,Indira Gandhi International Airport
LAE,Nadzab Airport
NIF,Nifty Airport
CRW,Yeager Airport
LIN,Milano Linate Airport
WHA,Wuhu Xuanzhou
PSO,Cano Airport
XWK,Karlskrona RailwaySvc.
LEI,Almeria Airport
XHG,Ottawa Bus Station
KWJ,Gwangju Airport
TQO,Tulum International Airport
CDG,Charles de Gaulle Airport
TRC,Francisco Sarabia International Airport
FXE,Fort Lauderdale Executive Airport
FAI,Fairbanks International Airport
BTZ,Betong International Airport
PFL,Florenc Bus Station
ARH,Talagi Airport
EQS,Esquel Airport
THD,Bai Thuong Airport
KYU,Koyukuk Airport
LUQ,San Luis Airport
ZIX,Zhigansk Airport
NLU,Felipe Angeles International Airport
XKR,Kristiansand Railway Station
KVG,Kavieng Airport
BEK,Bareilly
PGZ,Comte Antonio Amilton Beraldo Airport
RPR,Swami Vivekananda Airport
ERZ,Erzurum Airport
LFM,Lamerd Airport
LED,Pulkovo Airport
ZYQ,Syracuse Railway
XEC,Windsor Railway Station
MCX,Makhachkala Airport
BKS,Fatmawati Soekarno Airport
QQP,Paddington Railway Station
QJE,Heliport
MHG,Mannheim Airport
PEX,Pechora Airport
NCE,Cote D'Azur Airport
QQM,Piccadilly Railway Station
RMZ,Tobolsk (Remezov)
FEZ,Fes-Saiss Airport
AUH,Abu Dhabi International Airport
ZHZ,Halle Railway
SFB,Orlando Sanford International Airport
MED,Prince Mohammad Bin Abdulaziz International Airport
HEC,Helsinki Central Station
LEN,Leon Airport
HOU,William P. Hobby Airport
ZWH,Windhoek Railway Station
ZWC,Stavanger Railway Station
LDB,Londrina Airport
LAD,Quatro de Fevereiro Airport
IXE,Mangalore Airport
RGI,Rangiroa Airport
ZRB,Frankfurt Hbf Railway Station
BOH,Bournemouth Airport
XHQ,Hopa Bus Station
LFT,Lafayette Regional Airport
YIV,Island Lake Airport
BKL,Burke Lakefront Airport
LLI,Lalibela Airport
RAI,Nelson Mandela International Airport
YTQ,Tasiujuaq Airport
XJR,Lorca Bus Station
ZYJ,Porto TP Bus Station
XDW,Prince Rupert Railway Station
ODS,Odessa International Airport
YNZ,Yancheng Nanyang International Airport
BRA,Barreiras Airport
HOT,Memorial Field
NGB,Ningbo Airport
QPA,Padova Central Railway Station
XFW,Hamburg Finkenwerder Airport
HZA,Mudan
ZTH,Zakinthos Airport
XJO,Soria Bus Station
XTJ,Toledo Railway Station
ЖЕЗ,Zheleznogorsk
QSF,Setif Airport
ZNZ,Zanzibar International Airport
ЯМБ,Yamburg
YDQ,Dawson Creek
ZHC,N Philadelphia RailwaySt
FCO,Leonardo da Vinci-Fiumicino Airport
SOY,Stronsay Airport
ZFQ,Gare de Bordeaux
CTC,Catamarca Airport
YIA,Yogyakarta International Airport
URG,Ruben Berta Airport
XFF,Calais-Frethun Rail Station
LAS,McCarran International Airport
LBJ,Komodo Airport
CPD,Coober Pedy Airport
YMX,Mirabel International Airport
ХЖР,Khuzhir
AGA,Agadir Al Massira Airport
MWA,Williamson County Airport
SKG,Thessaloniki International Airport
ШУШ,Shushenskoe
OLB,Olbia Costa Smeralda Airport
FLS,Flinders Island Airport
NME,Nightmute Airport
YZR,Sarnia Airport
XNA,Northwest Arkansas Regional
KGP,Kogalym International Airport
AJR,Arvidsjaur Airport
CUN,Cancun International Airport
KIT,Kithira Airport
TSR,Timisoara Traian Vuia International Airport
OKA,Naha Airport
GTE,Alyangula Airport
УХЙ,Ust-Khayryuzovo
SSA,Deputado Luis Eduardo Magalhaes International Airport
MJZ,Mirnyj Airport
NTL,Newcastle Airport
WEI,Weipa Airport
QCU,Heliport
ZBF,Bathurst Airport
LYA,Luoyang Beijiao Airport
CYP,Calbayog Airport
NZG,Nizhneangarsk
HTY,Hatay Airport
GBB,Gabala International Airport
GOY,Gornyj
БНГ,Beringovskiy
TZX,Trabzon Airport
SKK,Shaktoolik Airport
ITO,Hilo International Airport
VLN,Arturo Michelena International Airport
YQK,Kenora Airport
YVR,Vancouver International Airport
SHL,Shillong Airport
JTR,Santorini International Airport
VKV,Vaskovo
VCP,Viracopos Airport
QEW,Leicester Railway Station
SWQ,Sultan Muhammad Kaharuddin III Airport
STL,Lambert-St. Louis International Airport
USU,Busuanga Airport
СМЧ,Seymchan
ССМ,Susuman
KHZ,Kauehi Airport
RMU,Corvera International
EMA,East Midlands Airport
RZE,Rzeszow International Airport
ABE,Lehigh Valley International Airport
GEL,Sepe Tiaraju
KOS,Sihanouk International Airport
MFM,Macau International Airport
LPB,El Alto International Airport
TRE,Tiree Airport
DDG,Langtou Airport
KVO,Kraljevo
KHI,Jinnah International Airport
OOL,Gold Coast Airport
KHG,Kashi Airport
MQL,Mildura Airport
NZC,Maria Reiche Neuman Airport
PIH,Pocatello Regional Airport
KGX,Grayling Airport
KEJ,Kemerovo Airport
WEH,Weihai International Airport
ZAD,Zadar Airport
BHB,Bar Harbor Airport
ZOS,Canal Bajo Airport
IAG,Niagara Falls International Airport
XRY,Jerez Airport
LIS,Lisbon Portela Airport
PAZ,El Tajin National Airport
GUM,A.B. Won Pat International Airport
RHD,Rio Hondo Airport
ZNE,Newman Airport
YIW,Yiwu Airport
ЗЛА,Lavrentija
WGA,Wagga Wagga Airport
ROP,Rota Airport
NDG,Qiqihar Airport
HSV,Huntsville International Airport
TLH,Tallahassee International Airport
ZYK,Shekou Ferry Terminal
AGT,Alejo Garcia Airport
XBJ,Birjand Airport
TKM,Taksimo
XWW,Westbahnhof Railway
XOU,‪Segovia Guiomar Railway Station‬
JAN,Jackson-Evers International Airport
UPG,Sultan Hasanuddin International Airport
ACH,Altenrhein Airport
PNL,Pantelleria Airport
LGI,Deadmans Cay Airport
MVF,Dixsept Rosado
OSI,Osijek Airport
JGA,Govardhanpur Airport
TRN,Turin Airport
MQP,Kruger Mpumalanga International Airport
XJJ,Albacete Bus Station
DAR,Julius Nyerere International Airport
USH,Malvinas Argentinas International Airport
AOJ,Aomori Airport
GAM,Gambell Airport
PGV,Pitt-Greenville Airport
DFW,Dallas/Fort Worth International Airport
NCL,Newcastle International Airport
BGA,Palonegro International Airport
RRO,Sorrento
PAC,Marcos A. Gelabert International Airport
ZTG,Aalborg Railway Station
ISN,Sloulin Field International Airport
XXY,Ronneby Railway Station
RLK,Bayannur Tianjitai Airport
ENI,El Nido
AXL,Alexandria
XFJ,Eskilstuna C Rail Station
ASF,Astrakhan Airport
XYL,Lyon Perrache RailwaySvc
KLU,Klagenfurt Airport
TJU,Kulyab Airport
ABI,Abilene Regional Airport
VCS,Con Dao
ABV,Nnamdi Azikiwe International Airport
KLG,Kalskag Municipal Airport
BXU,Butuan Airport
XWS,Swindon Railway Station
VHC,Saurimo
ULG,Ulgit
RFN,Raufarhofn
RZV,Rize-Artvin Airport
TSF,Treviso Airport
WAW,Frederic Chopin Airport
ABU,Haliwen Airport
GOT,Goteborg Landvetter Airport
AZO,Kalamazoo Battle Creek International Airport
HPA,Salote Pilolevu
XNE,Newport Railway Station
BLK,Blackpool Airport
QYX,Uppsala C Railway Station
PND,Punta Gorda
BUZ,Bushehr Airport
AHU,Charif Al Idrissi Airport
ZRU,Boston RT128 Railway
LHE,Allama Iqbal International Airport
DGA,Dangriga
ZLN,Le Mans Railway Station
KSO,Aristoteles Airport
YTM,La Macaza
WTB,Toowoomba Wellcamp Airport
CMN,Mohamed V International Airport
NAH,Naha
BGG,Bingol Airport
KZR,Zafer Airport
QPP,Berlin Hbf Railway Station
YTZ,Toronto City Centre Airport
AGS,Augusta Regional Airport
ZYE,Eindhoven Railway Station
QLV,Leverkusen Mitte
XRE,Reading railway station
ALF,Alta Airport
ABJ,Felix Houphouet Boigny Airport
TXG,Taichung
ADB,Izmir Adnan Menderes Airport
BXH,Balhash
BYG,Municipal
BDL,Bradley International Airport
MNS,Mansa
TLQ,Turpan Jiaohe Airport
XOC,Atocha Railway St.
AVL,Asheville Regional Airport
PKR,Pokhara Airport
SON,Santo Pekoa International Airport
СКР,Severo-Kurilsk
CAB,Cabinda Airport
OSW,Orsk Airport
AFW,Fort Worth Alliance Airport
ARU,Aracatuba Airport
CBG,Cambridge Airport
BFF,Western Nebraska Regional Airport
TSN,Tianjin Binhai International Airport
MKY,Mackay Airport
CDP,Cuddapah
BWA,Bhairawa Airport
TPS,Trapani-Birgi Airport
BWT,Burnie Wynyard Airport
AXT,Akita Airport
PLZ,Port Elizabeth International Airport
CHO,Charlottesville Albemarle Airport
CDB,Cold Bay Airport
SMF,Sacramento International Airport
FKS,Fukushima Airport
CCC,Jardines del Rey Airport
JIK,Ikaria Airport
ESB,Esenboga International Airport
LPA,Gran Canaria Airport
YYF,Penticton Airport
XOP,Poitiers Railway Station
ACK,Nantucket Memorial Airport
ASE,Aspen Airport
NAS,Lynden Pindling International Airport
AAQ,Anapa Airport
GDZ,Gelendzik Airport
NAJ,Nakhichevan Airport
DLR,Dalnerechensk
CFB,Cabo Frio International Airport
POM,Jacksons International Airport
EGO,Belgorod Airport
PQQ,Port Macquarie Airport
ELU,Guemar Airport
BOC,Bocas Del Toro
UYU,Uyuni
ILD,Lleida-Alguaire Airport
BZK,Bryansk International Airport
LAX,Los Angeles International Airport
TEF,Telfer Airport
NNM,Naryan-Mar Airport
BAU,Bauru
GMB,Gambela Airport
BSK,Biskra Airport
BAX,Barnaul Airport
URS,Kursk Vostochny Airport
NOU,Tontouta Airport
VOZ,Voronezh Airport
CHH,Chachapoyas
RSA,Santa Rosa Airport
CFG,Jaime Gonzalez Airport
PVR,Gustavo Diaz Ordaz International Airport
DTB,Sisingamangaraja XII International Airport
JBK,Berkeley
FKB,Baden-Airpark
DET,Detroit City
CED,Ceduna Airport
CHY,Choiseul Bay Airport
ZGI,Gods River Airport
TSV,Townsville Airport
PDT,Eastern Oregon Regional Airport
CEN,Ciudad Obregon Airport
NGO,Chubu Centrair International Airport
NTE,Nantes Atlantique Airport
TNR,Antananarivo Airport
CHG,Chaoyang Airport
CGN,Cologne Bonn Airport
BQK,Glynco Jetport
YZT,Port Hardy Airport
SYM,Pu'er Simao Airport
LIR,Liberia Airport
YDT,Boundary Bay Airport
YZP,Sandspit Airport
BIK,Mokmer Airport
KJT,Kertajati International Airport
BJL,Yundum International Airport
OXF,Oxford (Kidlington)
LNL,Longnan Chengxian
CEG,Hawarden Airport
BHE,Woodbourne Airport
SVQ,Seville Airport
BMA,Bromma Airport
BRF,Bradford
GOJ,Nizhny Novgorod International Airport
BMV,Phung-Duc Airport
NZH,Manzhouli Airport
BPL,Bole Airport
PER,Perth Airport
GFF,Griffith Airport
MJF,Kjaerstad Airport
VOL,Nea Anchialos
BZL,Barisal Airport
BGN,Belaya Gora Airport
PEG,Sant Egidio Airport
BPN,Sultan Aji Muhamad Sulaiman Airport
ПАЙ,Poronaisk
KVK,Kirovsk Airport
CHA,Chattanooga Airport
NNY,Nanyang Airport
BTS,Bratislava Airport
ONT,Ontario International Airport
BLE,Dala Airport
CFR,Carpiquet Airport
BHJ,Rudra Mata Airport
MIM,Merimbula Airport
CEZ,Montezuma County Airport
CFN,Donegal Airport
NGK,Nogliki Airport
XWF,Falun C Railway Station
BJV,Milas-Bodrum Airport
LDG,Leshukonskoye
GNJ,Ganja Airport
TEE,Cheikh Larbi Tebessi Airport
PHC,Port Harcourt International Airport
XFR,Malmo Syd Railway Station
ARD,Alor Island Airport
PFO,Paphos International Airport
PMF,Parma Airport
KLX,Kalamata Airport
WRE,Whangarei Airport
MTY,Gen Mariano Escobedo Airport
DBV,Dubrovnik Airport
YYE,Northern Rockies Regional Airport
КБЗ,Krabozavodskoye
YFC,Fredericton International Airport
КЗЧ,Kazachinskoye
JEK,Jeki
UUA,Bugulma Airport
BUW,Baubau Airport
SWV,Severo-Evensk Airport
CCK,Cocos Islands Airport
YGW,Kuujjuarapik Airport
ЯГО,Yagodnoe
BSL,EuroAirport Swiss
PEE,Perm International Airport
СНГ,Sinegorye
NMF,Maafaru
CEE,Cherepovets Airport
KWG,Krivoy Rog
SXP,Sheldon Sea Plane Base
PXU,Pleiku Airport
PNK,Supadio International Airport
PLX,Semipalatinsk Airport
AHO,Alghero-Fertilia Airport
MXZ,Mei Xian Airport
YSK,Sanikiluaq Airport
TER,Lajes Field
NLT,Nalati Airport
OHE,Mohe Airport
GDN,Gdansk Lech Walesa Airport
PUQ,Pres Ibanez Airport
IAR,Tunoshna Airport
VDY,Jindal Vijaynagar
GBI,Kalaburagi Airport
PEW,Bacha Khan International Airport
YHU,St. Hubert Airport
MKE,General Mitchell International Airport
GDB,Gondia Airport
MEL,Tullamarine Airport
AQJ,King Hussein International Airport
MBA,Moi International Airport
PGF,Llabanere Airport
LOO,L'Mekrareg Airport
WUH,Wuhan Tianhe International Airport
AAE,Les Salines Airport
TMI,Tumling Tar Airport
CDZ,Cadiz
MLX,Malatya Airport
ACE,Lanzarote Airport
SMA,Vila Do Porto Airport
DZN,Zhezhazgan Airport
PIX,Pico Island Airport
IGU,Cataratas International Airport
RLG,Laage Airport
PIS,Poitiers-Biard Airport
TFN,Tenerife North Airport
POZ,Poznan Airport
BSO,Basco Airport
SYD,Sydney (Kingsford Smith) Airport
CIA,Ciampino-G. B. Pastine International Airport
AUK,Alakanuk Airport
ZSA,San Salvador Airport
PHL,Philadelphia International Airport
RDO,Radom Airport
UAQ,San Juan Airport
DJJ,Sentani Airport
CZU,Corozal Airport
RIB,Gen Buech Airport
YYC,Calgary International Airport
OMR,Oradea Airport
MPM,Maputo International Airport
IBR,Ibaraki Airport
LVI,Livingstone Airport
CJB,Coimbatore International Airport
EAU,Eau Claire Airport
YLW,Kelowna International Airport
RBA,Sale Airport
TSJ,Tsushima Airport
OGG,Kahului Airport
OGL,Ogle Airport
POG,Port Gentil
STT,Cyril E. King Airport
FON,Fortuna Airport
DYG,Zhangjiajie Hehua Airport
OSR,Mosnov Airport
MOL,Molde Airport, Aro
RUT,Rutland Airport
PGU,Ala'Marvdasht Airport
FMN,Four Corners Regional Airport
DOM,Melville Hall Airport
HLP,Halim Perdanakusuma Airport
DNR,Pleurtuit Airport
TQR,San Domino Island
KNO,Kuala Namu International Airport
QOH,Hotel Rus Bus Station
FUN,Funafuti Atol International Airport
GYE,Jose Joaquin de Olmedo Airport
DEC,Decatur Airport
OME,Nome Airport
SNW,Thandwe Airport
RNO,Reno/Tahoe International Airport
ACV,Arcata-Eureka Airport
HAK,Haikou Airport
BHK,Bukhara Airport
EAS,San Sebastian Airport
SLL,Salalah International Airport
ISK,Gandhinagar Airport
SXK,Saumlaki Olilit Airport
XQE,Ebbsfleet International Rail Station
JMJ,Lancang Jingmai Airport
МИЛ,Manily
TLC,Toluca International Airport
LXA,Lhasa Gonggar Airport
YSB,Sudbury Airport
HUI,Phu Bai International Airport
PRN,Pristina International Airport
RAO,Dr. Leite Lopes State Airport
STR,Stuttgart Airport
KBR,Sultan Ismail Petra Airport
IKA,Imam Khomeini International Airport
FDH,Friedrichshafen Airport
FAY,Fayetteville Regional Airport
TYF,Torsby Airport
SUB,Juanda International Airport
INI,Nis Constantine the Great Airport
ETZ,Metz-Nancy-Lorraine Airport
PAD,Paderborn Lippstadt Airport
PBO,Paraburdoo Airport
CME,Ciudad Del Carmen Airport
HDN,Yampa Valley Airport
PUB,Pueblo Memorial Airport
VER,Veracruz International Airport
CLO,Alfonso B. Aragon Airport
CKH,Chokurdah Airport
DLA,Douala Airport
JTC,Bauru-Arealva Airport
RNJ,Yoron Airport
ORF,Norfolk International Airport
HIJ,Hiroshima Airport
TMC,Tambolaka Airport
KKN,Kirkenes Airport, Hoeybuktmoen
NNG,Nanning Airport
CIC,Chico Municipal Airport
GIZ,Jazan Regional Airport
TZL,Tuzla International Airport
TIJ,Tijuana Airport
TTN,Trenton-Mercer Airport
TMP,Tampere-Pirkkala Airport
PIO,Capitan FAP Renan Elias Olivera Airport
CZS,Campo Internacional Airport
TWU,Tawau Airport
FSC,Sud Corse Airport
CJU,Jeju International Airport
HGA,Hargeisa Airport
HKN,Hoskins Airport
RKT,Ras Al Khaimah International Airport
TPP,Cad. FAP Guillermo del Castillo Paredes Airport
DTW,Detroit Metropolitan Wayne County Airport
DRW,Darwin International Airport
VKG,Rach Gia Airport
ESC,Delta County Airport
BLA,General Jose Antonio Anzoategui International Airport
GGW,Glasgow International Airport
DSA,Doncaster Sheffield Airport
DIL,Comoro Airport
DUD,Dunedin International Airport
VUS,Velikij Ustyug Airport
YNJ,Yanji Chaoyangchuan Airport
VDE,Hierro Airport
BZY,Beltsy Airport
KKR,Kaukura Atoll Airport
NPE,Hawkes Bay Airport
SAT,San Antonio International Airport
CYO,Cayo Largo Del Sur Airport
HNA,Hanamaki Airport
GAL,Edward G. Pitka Sr. Airport
ZTI,Humen Port
HKD,Hakodate Airport
TKK,Chuuk International Airport
TNG,Tangier Ibn Battouta Airport
HIA,Huai'an Lianshui Airport
HLZ,Hamilton International Airport
FRW,Francistown Airport
TLE,Tulear
NIM,Niamey Airport
ICN,Incheon International Airport
YOL,Yola Airport
YHM,Hamilton Airport
LDS,Yichun Shi Airport
CNF,Tancredo Neves International Airport
QUP,Heliport
ABZ,Aberdeen International Airport
TUK,Turbat Airport
RMI,Miramare Airport
TOY,Toyama Airport
GWD,Gwadar Airport
HLA,Lanseria International Airport
DEN,Denver International Airport
HPH,Cat Bi International Airport
PGA,Page Airport
LBU,Labuan Airport
PEN,Penang International Airport
SAL,El Salvador International Airport
TSA,Taipei Songshan Airport
CID,The Eastern Iowa Airport
SEU,Seronera Airstrip
WDS,Shiyan Wudangshan
TMX,Timimoun Airport
PKB,Wood County Airport
ORH,Worcester Regional Airport
STI,Cibao International Airport
FSD,Sioux Falls Regional Airport (Joe Foss Field)
LPI,Linkoping City Airport
LNZ,Linz Airport
DVL,Devils Lake Airport
GGG,Gregg County Airport
TML,Tamale Airport
KSY,Kars Airport
SPI,Capital Airport
CIH,Changzhi Airport
JNU,Juneau International Airport
ODN,Long Seridan Airport
STV,Surat Gujarat Airport
VVC,La Vanguardia Airport
ESU,Essaouira Airport
TAC,D. Z. Romualdez Airport
ENE,H. Hasan Aroeboesman Airport
YHK,Gjoa Haven Airport
VXC,Lichinga Airport
WIL,Wilson Airport
GCC,Campbell County Airport
NKC,Nouakchott International Airport
CUE,Mariscal Lamar International Airport
WNN,Wunnummin Lake Airport
SBZ,Sibiu Airport
ELP,El Paso International Airport
SWT,Strezhevoy Airport
FUK,Fukuoka Airport
KOJ,Kagoshima Airport
OSD,Are Ostersund Airport
TUP,Tupelo Regional Airport
HDY,Hat Yai International Airport
SHX,Shageluk Airport
KHH,Kaohsiung International Airport
BET,Bethel Airport
MCM,Fontvieille Heliport
PBC,Huejotsingo Airport
UAK,Narsarsuaq Airport
SLU,George F. L. Charles Airport
YKL,Schefferville Airport
EGS,Egilsstadir Airport
FLG,Flagstaff Pulliam Airport
ZIF,Fallowfield Railway
TRF,Torp Sandefjord Airport
VIX,Eurico de Aguiar Salles Airport
GOV,Nhulunbuy Airport
YKM,Yakima Air Terminal
NDR,Nador International Airport
YXX,Abbotsford Airport
JFR,Paamiut Airport
JZH,Jiuzhai Huanglong Airport
MNL,Ninoy Aquino International Airport
INV,Inverness Airport
REL,Trelew Airport
HDS,Hoedspruit Airport
MUN,Jose Tadeo Monagas International Airport
MHH,Marsh Harbour International Airport
GWT,Westerland - Sylt Airport
HKK,Hokitika Airport
TRI,Tri-Cities Regional Airport
RJL,Agoncillo Airport
LUM,Dehong Mangshi Airport
ENU,Enugu Airport
XFN,Xiangyang Airport
SXB,Strasbourg Airport
SVU,Savusavu Airport
TCQ,Tacna Airport
YDA,Dawson City Airport
UBJ,Yamaguchi Ube Airport
VNO,Vilnius International Airport
KMJ,Kumamoto Airport
COU,Columbia Regional Airport
GXF,Seiyun Airport
JNG,Jining Airport
HSG,Saga Airport
KMS,Kumasi Airport
STX,Henry E. Rohlsen Airport
MXP,Milano Malpensa Airport
CUC,Camilo Daza International Airport
PLM,Sultan Mahmud Badaruddin II Airport
WLK,Selawik Airport
FEN,Fernando De Noronha Airport
KGL,Kigali International Airport
KDU,Skardu Airport
TLA,Teller Airport
HRE,Harare International Airport
SBN,South Bend Regional
DJG,Inedbirenne Airport
PNR,Pointe Noire Airport
ERH,Moulay Ali Cherif Airport
EUN,Hassan I Airport
NQN,Presidente Peron International Airport
GOA,Genoa Cristoforo Colombo Airport
TRU,Trujillo Airport
DLH,Duluth International Airport
HBZ,Hannover Bus Station
ZIV,ScotRailway
CWA,Central Wisconsin Airport
WVB,Rooikop Airport
ILI,Iliamna Airport
KUA,Sultan Haji Ahmad Shah Airport
IXC,Chandigarh Airport
LSE,La Crosse Regional Airport
FNT,Bishop International Airport
XNB,Chelsea Twr EY Bus Station
HVD,Khovd Airport
CRL,Charleroi Brussels South Airport
SCU,Antonio Maceo Airport
KIN,Norman Manley International Airport
LUN,Kenneth Kaunda International Airport
ROK,Rockhampton Airport
SLC,Salt Lake City International Airport
RMF,Marsa Alam International Airport
AKJ,Asahikawa Airport
BZR,Beziers Vias Airport
SJP,Sao Jose do Rio Preto Airport
FLA,Capitolio Airport
CPO,Chamonate Airport
ADQ,Kodiak Benny Benson State Airport
LSP,Josefa Camejo Airport
RKV,Reykjavik International Airport
ZCL,La Calera Airport
QBC,Bella Coola Airport
GLN,Goulimime Airport
MEI,Key Field
GJT,Grand Junction Regional Airport
KWA,Kwajalein Airport
YNP,Natuashish Airport
RES,Resistencia Airport
YQL,Lethbridge Airport
JUZ,Quzhou Airport
YAP,Yap International Airport
VDM,Gobernador Edgardo Castello Airport
HTA,Chita Airport
IXS,Kumbhirgram Airport
SAV,Savannah/Hilton Head Airport
KSF,Kassel-Calden Airport
SCL,Arturo Merino Benitez Airport
ITH,Ithaca Tompkins Regional Airport
KGF,Karaganda Airport
DRO,Durango-La Plata County Airport
PHS,Phitsanulok Airport
LKY,Lake Manyara Airport
JGS,Ji'An/Jing Gang Shan Airport
ETR,Coronel Artilleria Victor Larrea Airport
SXV,Salem
CVU,Corvo Island (Azores) Airport
ISP,Long Island MacArthur Airport
VKT,Vorkuta Airport
NEV,Newcastle Airport
MMJ,Matsumoto Airport
EGC,Roumanieres Airport
HPB,Hooper Bay Airport
COD,Yellowstone Regional Airport
LEX,Blue Grass Airport
TNA,Jinan Yaoqiang International Airport
ICT,Wichita Dwight D. Eisenhower National Airport
UKX,Ust-Kut Airport
CPV,Joao Suassuna Airport
DMK,Don Mueang International Airport
MEC,Manta Airport
ILO,Mandurriao Airport
DAC,Hazrat Shahjalal International Airport
CYZ,Cauayan Airport
IUE,Hanan Airport
XYX,Sala
TXN,Huangshan Tunxi International Airport
DGO,Guadalupe Victoria Airport
KOP,Nakhon Phanom Airport
MRA,Misurata Airport
IJK,Izhevsk Airport
XUA,Huesca Railway Station
WGP,Waingapu Airport
YRT,Rankin Inlet Airport
FRS,Santa Elena Airport
HSN,Putuoshan Airport
TBT,Tabatinga International Airport
JNZ,Liaoning Province Airport
YZV,Sept-Iles Airport
KTN,Ketchikan International Airport
FKL,Venango Regional Airport
KBK,Kushinagar
KID,Kristianstad Airport
EGE,Eagle County Airport
XXU,Hedemora
KUO,Kuopio Airport
KRL,Korla Airport
DOL,Saint Gatien Airport
MOZ,Temae Airport
LZC,Lazaro Cardenas Airport
DIR,Aba Tenna D Yilma Airport
LFR,La Fria Airport
MHT,Manchester Boston Regional Airport
EAT,Pangborn Field
XCR,Chalons Vatry Airport
CWC,Chernivtsi International Airport
KZI,Philippos Airport
LPY,Loudes Airport
CIX,Cornel Ruiz Airport
HLN,Helena Regional Airport
UBA,Uberaba Airport
LBA,Leeds Bradford International Airport
PET,Federal Airport
LAN,Capital Region International Airport
GLT,Gladstone Airport
SUX,Sioux Gateway Airport
CMX,Houghton County Airport
LDH,Lord Howe Island Airport
KTM,Tribhuvan International Airport
YQU,Grande Prairie Airport
KSC,Barca Airport
IDR,Devi Ahilya Bai Holkar Airport
MAN,Manchester Airport
CNM,Cavern City Air Terminal
IPH,Ipoh Airport
SFO,San Francisco International Airport
CKS,Carajas Airport
PIB,Hattiesburg-Laurel Regional Airport
WMX,Wamena Airport
OCC,Coca Airport
PQI,Presque Isle Municipal Airport
HVN,New Haven Airport
AJL,Aizawl Airport
SGU,Saint George Municipal Airport
KTG,Ketapang Airport
HJJ,Zhijiang Airport
TDD,Teniente Jorge Henrich Arauz Airport
TCB,Treasure Cay Airport
TNJ,Kidjang Airport
TFF,Tefe Airport
KKA,Koyuk Airport
JLN,Joplin Airport
MBS,MBS International Airport
LDZ,Londolozi Airport
MAF,Midland International Airport
LYB,Little Cayman Airport
QOW,Sam Mbakwe International Airport
MCK,Mc Cook Airport
BTI,Barter Island Airport
SNU,Santa Clara Airport
WSZ,Westport Airport
PLO,Port Lincoln Airport
LYP,Faisalabad Airport
XGC,Lund C Railway Station
RJA,Rajahmundry Airport
JRG,Veer Surendra Sai Airport
CAL,Machrihanish Airport
DIN,Dien Bien Airport
MOB,Mobile Regional Airport
LYG,Lianyungang Airport
DIK,Dickinson Regional Airport
POL,Pemba Airport
SFN,Santa Fe Airport
MLU,Monroe Regional Airport
IOB,Innsbruck Railway Station
PTG,Polokwane Airport
CKB,Benedum Airport
USK,Usinsk Airport
MRU,Sir Seewoosagur Ramgoolam International Airport
XIY,Xianyang International Airport
NBS,Changbaishan Airport
MAR,La Chinita Airport
RAB,Tokua Airport
HVG,Valan Airport
OZL,Orzola Ferry Port
MTT,Minatitlan Airport
PCR,Puerto Carreno Airport
TYR,Tyler Pounds Regional Airport
MGZ,Myeik Airport
GFK,Grand Forks International Airport
FLO,Florence Airport
PPQ,Paraparaumu Airport
PIA,Peoria International Airport
PMR,Palmerston North Airport
GIL,Gilgit Airport
GEV,Gallivare Airport
MMB,Memanbetsu Airport
CGH,Sao Paulo/Congonhas Airport
JMS,Jamestown Airport
DBR,Darbhanga
MDC,Sam Ratulangi International Airport
ELC,Elcho Island Airport
ZMI,Mergellina Railway
KBP,Boryspil International Airport
TRK,Juwata International Airport
CNS,Cairns Airport
DAX,Dazhou Heshi Airport
GJL,Jijel Ferhat Abbas Airport
SLV,Simla
CMG,Corumba Internacional Airport
SMI,Samos Airport
MUB,Maun Airport
SMQ,H. Asan Airport
MSL,Northwest Alabama Regional Airport
YRB,Resolute Bay Airport
SKN,Stokmarknes Skagen Airport
PLW,Mutiara Airport
XOJ,Cordoba Central Railway Station
BZE,Philip S.W. Goldson International Airport
SPC,La Palma Airport
EEM,Albacete Railway Station
CZL,Ain El Bey Airport
LPL,Liverpool John Lennon Airport
TVC,Cherry Capital Airport
RSD,South Eleuthera Airport
MKW,Rendani Airport
SZZ,Goleniow Airport
QAH,Hindon Airport
YBR,Brandon Municipal Airport
MQT,Sawyer International Airport
OAG,Orange Airport
BKQ,Blackall Airport
MCW,Mason City Airport
NPL,New Plymouth Airport
YXS,Prince George Airport
ULH,Prince Abdul Majeed bin Abdulaziz Airport
DUT,Unalaska Airport
TRZ,Tiruchirapalli International Airport
DBQ,Dubuque Municipal Airport
KSM,Saint Mary's Airport
XED,Marne/Chessy Rail Station
IBA,Ibadan Airport
TFU,Chengdu Tianfu
DCM,Mazamet Airport
SOU,Southampton Airport
MHK,Manhattan Municipal Airport
XJI,Ciudad Real Railway Station
BRW,Wiley Post-Will Rogers Memorial Airport
MBL,Blacker Airport
HOF,Al-Ahsa Airport
LWO,Lviv International Airport
YUY,Rouyn-Noranda Airport
AKN,King Salmon Airport
MYG,Mayaguana Airport
GDQ,Gondar Airport
LYH,Preston-Glenn Field
BFV,Buri Ram Airport
XIL,Xilinhot Airport
LEB,Lebanon Regional Airport
KRR,Krasnodar International Airport
XJH,Hong Kong Harbour
SUN,Friedman Memorial Airport
TMW,Tamworth Airport
GYS,Guang Yuan Airport
LMJ,Tokyo Bus Station
LUH,Ludhiana Sahnewal Airport
DHM,Gaggal Airport
ZMT,Masset Airport
ИФА,Isfana
HVB,Hervey Bay Airport
KTE,Kerteh Airport
LPK,Lipetsk Airport
LLB,Libo County Libo City Airport
YFB,Iqaluit Airport
MUX,Multan Airport
MKZ,Malacca International Airport
PYY,Pai Airport
ODY,Oudomxay Airport
MYT,Myitkyina Airport
TBG,Tabubil Airport
FYG,Fuyong Ferry Port
GAU,Lokpriya Gopinath Bordoloi International Airport
CWB,Afonso Pena International Airport
CYF,Chefornak Sea Plane Base
YGJ,Miho Airport
DBO,Dubbo City Regional Airport
ENA,Kenai Municipal Airport
YGK,Kingston/Norman Rogers Airport
ROO,Rondonopolis Airport
MRS,Marseille Provence Airport
YYY,Mont Joli Airport
XTI,Chamartin Railway St.
PDS,Piedras Negras International Airport
PSE,Mercedita Airport
YTY,Yangzhou Taizhou Airport
YIN,Yining Airport
OLZ,Olokminsk Airport
EVE,Harstad/Narvik Airport, Evenes
NOC,Ireland West Airport Knock
XNN,Xining Airport
HYS,Hays Municipal Airport
GOX,Manohar International Airport
GRV,Groznyy Airport
YXL,Sioux Lookout Airport
MBI,Mbeya Airport
PMC,El Tepual Airport
TEZ,Tezpur Airport
XXO,Leksand Railway Station
TAP,Tapachula International Airport
MJU,Tampa Padang Airport
EBU,Boutheon Airport
AYT,Antalya Airport
GOI,Dabolim Airport
BRE,Bremen Airport
BON,Flamingo International Airport
BBA,Teniente Vidal Airport
GNV,Gainesville Regional Airport
YOJ,Footner Lake Airport
TAO,Qingdao Jiaodong International
TGM,Transilvania
MYD,Malindi Airport
MSU,Moshoeshoe International Airport
GEA,Noumea Magenta Airport
SZG,W. A. Mozart Salzburg Airport
KNG,Kaimana Airport
BFJ,Bijie Airport
TPA,Tampa International Airport
LBF,Lee Bird Field
NAL,Nalchik Airport
DHG,Dalnegorsk
ZZO,Zonalnoye
GNS,Gunungsitoli Airport
LSC,La Florida Airport
GCI,Guernsey Airport
QLQ,Lleida Railway Station
UDI,Uberlandia-Ten. Cel. Av. Cesar Bombonato Airport
NNB,Santa Ana Airport
SVG,Stavanger Airport Sola
HAA,Hasvik Airport
NCU,Nukus Airport
YQT,Thunder Bay International Airport
KUD,Kudat Airport
NST,Nakhon Si Thammarat Airport
LHR,London Heathrow Airport
NLK,Norfolk Island Airport
TXE,Rembele Airport
YWL,Williams Lake Airport
MYJ,Matsuyama Airport
NSN,Nelson Airport
ROV,Platov International Airport
ESM,Esmeraldas Airport
QWM,Longmont Bus Station
YPR,Digby Island Airport
GEG,Spokane International Airport
HAD,Halmstad Airport
ERI,Erie International Airport
BIQ,Biarritz - Anglet - Bayonne Airport
IAH,George Bush Intercontinental Airport
MWZ,Mwanza Airport
BIR,Biratnagar Airport
OBO,Tokachi-Obihiro Airport
BTH,Hang Nadim International Airport
TEN,Tongren Airport
YYJ,Victoria International Airport
АМУ,Amgu
ЭГТ,Zaliv Kresta
IXU,Chikkalthana Airport
HMB,Mubarak International Airport
OLP,Olympic Dam Airport
TME,Gabriel Vargas Santos Airport
AAL,Aalborg Airport
DDD,Dhaalu Airport
SVC,Grant County Airport
NAN,Nadi International Airport
CNJ,Cloncurry Airport
WJR,Wajir Airport
MXH,Moro Airport
ASO,Asosa Airport
NOJ,Nojabrxsk Airport
ABX,Albury Airport
TAE,Daegu International Airport
SZX,Shenzhen Bao'an International Airport
TKD,Takoradi Airport
МАМ,Mama
УКО,Ust'-Koksa
TJQ,Bulutumbang Airport
XAP,Chapeco Airport
RVN,Rovaniemi Airport
NRN,Weeze Airport
WYA,Whyalla Airport
LMT,Crater Lake Klamath Regional Airport
HFS,Hagfors Airport
ADE,Aden International Airport
YGO,Gods Lake Narrows Airport
HMI,Hami Airport
QQW,London-Waterloo
ALO,Waterloo Airport
ХРП,Kherpuchi
САГ,Sangar
HOV,Hovden Airport
IOM,Isle of Man Airport
AAT,Altay Airport
НЛН,Nelkan
JDH,Jodhpur Airport
OGZ,Vladikavkaz Airport
СБО,Sobolevo
MJY,Motygino
TET,Matundo Airport
BGF,Bangui Airport
IGG,Igiugig Airport
JUB,Juba International Airport
QKL,Koeln Hauptbahnhof
YUS,Yushu Batang Airport
TJK,Tokat
ONJ,Odate Noshiro Airport
IXJ,Satwari Airport
KOI,Kirkwall Airport
ORV,Robert (Bob) Curtis Memorial Airport
KHN,Nanchang Changbei International Airport
KCM,Kahramanmaras Airport
СОЛ,Stary Oskol
TUU,Tabuk Regional Airport
IAA,Igarka Airport
KTT,Kittila Airport
NVI,Navoi Airport
ЯРЖ,Yaroslavl Glavniy Bus Station
BQN,Rafael Hernandez Airport
IVC,Invercargill Airport
LFW,Lome Airport
PNZ,Petrolina International Airport
ITM,Itami Airport
PNQ,Pune Airport
ADS,Addison Airport
JSH,Sitia Airport
SBT,Sabetta
NUS,Norsup Airport
PEK,Beijing Capital International Airport
ALC,Alicante-Elche Airport
BGS,Boguchany
YIO,Pond Inlet Airport
HUS,Hughes Municipal Airport
HRB,Harbin Taiping International Airport
OTH,Southwest Oregon Regional Airport
CAP,Cap Haitien Airport
DRG,Deering Airport
MMU,Morristown Municipal Airport
MOD,Modesto Municipal Airport
CJS,Abraham Gonzalez International Airport
ASP,Alice Springs Airport
KCH,Kuching International Airport
JKH,Chios Airport
YAG,Fort Frances Municipal Airport
LET,Gen. A.V. Cobo Airport
OGU,Ordu Giresun Airport
MZL,La Nubia Airport
АЯН,Ajan
HMV,Hemavan Airport
КСЧ,Krasny Chikoy
CGO,Zhengzhou Xinzheng Airport
QTF,Leipzig Bus Terminal
JAC,Jackson Hole Airport
AAX,Araxa Airport
ЛАЙ,Laitamak
ZIG,Ziguinchor
UTP,Utapao Airport
KIM,Kimberley Airport
DEE,Mendeleyevo Airport
BEL,Val De Cans International Airport
JGB,Jagdalpur
WKJ,Hokkaido Airport
CAK,Akron-Canton Airport
AAR,Aarhus Airport
OMD,Oranjemund Airport
IPN,Usiminas Airport
ТИЛ,Tilichiki
HTI,Hamilton Island Airport
НИК,Nikolskoe
TXK,Texarkana Municipal Airport
NQZ,Nursultan (Astana) International Airport
ZJH,Aarhus H Railway Station
COH,Cooch Behar
ILM,Wilmington International Airport
PPK,Petropavlovsk Airport
ZVE,New Haven Railway
CIJ,E. Beltram Airport
AXP,Springpoint Airport
ACI,Alderney Airport
JAI,Jaipur Airport
UDR,Maharana Pratap Airport
OPO,Porto Airport
HMO,Gen Pesqueira Garcia Airport
AUA,Reina Beatrix International Airport
МЗН,Mezen
ВЛМ,Vladimir
CSK,Cap Skirring
JAU,Jauja Airport
BJF,Batsfjord Airport
UGC,Urgench Airport
POP,La Union Airport
WLS,Wallis Island Airport
TLV,Ben Gurion International Airport
HLH,Ulanhot Airport
ZRV,Providence Railway
HRO,Boone County Airport
BEY,Beirut-Rafic Hariri International Airport
BFS,Belfast International Airport
ABQ,Albuquerque International Sunport
SMX,Santa Maria Public Airport
КГЬ,Kuskurgul
LXS,Limnos Airport
KGI,Kalgoorlie Airport
PPG,Pago Pago International Airport
BQB,Bussellton
TVY,Dawe Airport
MCV,Mcarthur River Airport
ZIK,Karlovy Vary Bus Station
POS,Piarco International Airport
KNY,Kodinsk
КНК,Krasnokamensk
UTN,Upington Airport
NYR,Nyurba Airport
ZTY,Boston BKBAY Railway
CIF,Chifeng Airport
KRS,Kristiansand Airport
VEO,Severo-Eniseyskij
OGS,Ogdensburg Airport
AES,Vigra Alesund Airport
GOQ,Golmud Airport
THN,Trollhattan Airport
ADU,Ardabil Airport
UKB,Kobe Airport
JIJ,Jigiga Airport
BRC,San Carlos de Bariloche International Airport
POR,Pori Airport
YKA,Kamloops Airport
NLA,Simon Mwansa Kapwepwe International Airport
GUA,La Aurora International Airport
JIM,Jimma Airport
CNP,Neerlerit Inaat Airport
CLL,Easterwood Airport
SZE,Semera Airport
ENH,Enshi Airport
PYJ,Polyarnyj Airport
LXR,Luxor International Airport
CXJ,Hugo Cantergiani Regional Airport
WLG,Wellington International Airport
YYR,Goose Bay Airport
ZXE,Waverley Railway Station
LOP,Lombok International Airport
PHX,Phoenix Sky Harbor International Airport
ONK,Olenyok Airport
INZ,In Salah Airport
UVF,Hewanorra Airport
LTZ,Lamezia Terme Central Railway Station
PRC,Prescott Airport
ZVJ,EK Bus Station
HHN,Frankfurt - Hahn Airport
LYR,Svalbard Airport
XZT,Trondheim S Rail Station
BIM,Bimini International Airport
XSH,St-Pierre-Corps RailSt
EWR,Newark Liberty International Airport
AGM,Tasiilaq
LZY,Nyingchi Mainling Airport
CTG,Rafael Nunez International Airport
PBM,Zanderij International Airport
ELH,North Eleuthera International Airport
ILY,Glenegedale Airport
ODO,Bodaybo Airport
YKO,Yuksekova
NGS,Nagasaki Airport
MDU,Mendi Airport
UEO,Kume-jima Airport
KJI,Kanasi Airport
PVH,Porto Velho International Airport
YXU,London International Airport
YKS,Yakutsk Airport
ZID,Aarhus Bus Station
BNN,Bronnoysund Airport, Bronnoy
NKG,Nanjing Lukou International Airport
DLG,Dillingham Airport
ZBC,Colmore Row Bus Station
SKD,Samarkand Airport
MZG,Magong Airport
MVP,Mitu
ZUI,Jiuzhou Ferry Port
BNX,Banja Luka Airport
BPT,Jefferson County Airport
KSZ,Kotlas Airport
XXJ,Deli Railway Station
NTG,Nantong Xingdong Airport
ZGG,Glasgow Central Railway Station
MCO,Orlando International Airport
QGN,Tarragona/Camp Rail Station
BHH,Bisha Airport
GRK,Killeen–Fort Hood
AFL,Alta Floresta Airport
PSS,Posadas Airport
ALB,Albany International Airport
NTQ,Noto Airport
QRO,Queretaro Intercontinental Airport
PXM,Puerto Escondido Airport
HON,Howes
CLY,Sainte Catherine Airport
FAO,Faro Airport
JOI,Joinville-Lauro Carneiro de Loyola Airport
DEB,Debrecen Airport
SIP,Simferopol International Airport
AGX,Agatti Island Airport
KGT,Kangding Airport
MIG,Mianyang Nanjiao Airport
ZSB,Salzburg Hbf Railway Station
SOG,Sogndal Airport
FVM,Fumawula
ESL,Elista Airport
ZCC,Baden-Baden Railway Station
MDL,Mandalay International Airport
UTT,Umtata Airport
GFN,Grafton Airport
PLJ,Placencia
ZWE,Antwerp Central Railway Station
MMH,Mammoth Lakes Airport
MKG,Muskegon Airport
GHA,Noumerate Airport
MCY,Sunshine Coast Airport
DEF,Dezful Airport
MLB,Orlando Melbourne International Airport
XGE,Ottawa Bus Station
XJP,Pardubice Main Railway Station
EUX,F D Roosevelt Airport
XOF,Stratford International Rail Station
ORL,Orlando Executive
VDT,Montevideo Bus Station
BSH,Brighton
QQU,Euston Railway Station
EER,Reus Railway Station
RDM,Roberts Field Redmond Municipal Airport
HIS,Hayman Island
ZAQ,Nuremberg Hbf Railway Station
QQK,Kings Cross Rail Station
ANV,Anvik Airport
SMS,Sainte Marie
XYK,Norrkoping C Rail Station
OVB,Novosibirsk Tolmachevo Airport
RDZ,Marcillac Airport
GOH,Nuuk Airport
REN,Orenburg Airport
AIT,Aitutaki Airport
IPT,Lycoming County Airport
XJY,Massy TGV Rail Station
RET,Stolport Airport
MOC,Montes Claros Airport
RGL,Rio Gallegos Internacional Airport
TOF,Tomsk Airport
VBY,Visby Airport
KIX,Kansai International Airport
YCL,Charlo
MME,Durham Tees Valley Airport
RYK,Rahim Yar Khan Airport
TMT,Trombetas
OKD,Okadama Airport
ULZ,Uliastai
SPU,Split Airport
MVE,Montevideo-Chippewa
EVG,Sveg Airport
QFZ,Saarbruecken Hbf Railway Station
ADD,Addis Ababa Bole International Airport
XZZ,Delicias Railway St.
RIW,Riverton Airport
ROW,Roswell International Air Center
SQG,Sorong Airport
MPV,Edward F Knapp State
ZFX,Szczecin Bus Station
MNI,Bramble Airport
RKD,Knox County Regional Airport
YVB,Bonaventure
YPQ,Peterborough
ZWP,West Palm Beach Railway Station
KKQ,Krasnoselkup
SUG,Surigao Airport
IRC,Circle City
VAI,Vanimo Airport
BGO,Bergen Airport
DYU,Dushanbe Airport
RAH,Rafha Airport
FNL,Municipalcipal Airport
ONO,Ontario Municipal Airport
YAA,Anahim Lake
MHD,Mashhad International Airport
DOH,Hamad International Airport
OQN,Kokand
OBU,Kobuk/Wien Airport
ZAT,Zhaotong Airport
SEN,London Southend Airport
YMO,Moosonee
SYY,Stornoway Airport
PDL,Joao Paulo II Airport
MVR,Salam
EVN,Zvartnots International Airport
NER,Neryungri Airport
GDT,Grand Turk Island
VSE,Viseu Airport
CZR,Chara
NOV,Huambo
VOG,Volgograd International Airport
YPX,Puvirnituq
FIH,N'djili Airport
KWK,Kwigillingok Airport
ZBU,Aarhus Limo
DLM,Dalaman Airport
THX,Turukhansk Airport
SZF,Samsun-Carsamba Airport
AJA,Ajaccio Napoleon Bonaparte Airport
DWC,Dubai World Central - Al Maktoum International Airport
ZPB,Sachigo Lake Airport
TIA,Tirana International Airport
ILR,Ilorin International Airport
MBJ,Sangster International Airport
LYI,Linyi Airport
HGI,Itanagar
TAS,Yuzhny Airport
INN,Innsbruck Airport
IEV,Kyiv International Airport
LSW,Malikus Saleh Airport
CTA,Catania-Fontanarossa Airport
SCQ,Santiago De Compostela Airport
YNY,Yangyang Airport
YQG,Windsor International Airport
AZS,Samaná El Catey International
LLK,Lankaran International Airport
STN,Stansted Airport
ULK,Lensk Airport
CGK,Soekarno-Hatta International Airport
TFS,Tenerife South Airport
PWQ,Pavlodar Airport
HRK,Kharkov Airport
KEF,Keflavik International Airport
YGL,La Grande Airport
ZYR,Midi Railway Station
CAT,Cascais Municipal Aerodrome
YYU,Kapuskasing Airport
VCE,Venice Marco Polo Airport
VRN,Verona Villafranca Airport
YYZ,Pearson International Airport
BEN,Benina International
CCR,Buchanan Field
PDP,Capitan de Corbeta Carlos A. Curbelo International Airport
GYN,Santa Genoveva Airport
CTS,New Chitose Airport
CCU,Netaji Subhas Chandra Bose Airport
BKO,Bamako-Senou International Airport
BWN,Brunei International Airport
CFU,Ioannis Kapodistrias Airport
PQT,Heliport
BVJ,Bovanenkovo
NBO,Jomo Kenyatta International Airport
GDL,Don Miguel Hidal Y Costilla International Airport
XMN,Xiamen Gaoqi International Airport
FLN,Hercilio Luz International Airport
CUZ,Alejandro Velasco Astete International Airport
XIZ,Champagne-Ardenne TGV
PDG,Minangkabau International Airport
THE,Teresina Airport
ZYZ,Berchem Railway
QMK,Heliport
TQL,Tarko-Sale
COK,Cochin International Airport
DIE,Antsiranana/Arrachart
QJI,Heliport
LAJ,Correia Pinto Airport
XJG,Darwin Railway
FBM,Lubumbashi International Airport
ORK,Cork Airport
ZVH,EK Bus Station
GTF,Great Falls International Airport
SBP,San Luis County Regional Airport
XWP,Hassleholm
UBP,Ubon Ratchathani International Airport
ATL,Hartsfield-Jackson Atlanta International Airport
FWA,Fort Wayne International Airport
SCV,Suceava Airport
YNB,Yanbu Airport
WJU,Wonju Airport
KOV,Kokshetau Airport
QRY,Heliport
CYS,Cheyenne
SXR,Srinagar International Airport
FNI,Garons Airport
FRU,Manas International Airport
HAV,Jose Marti International Airport
ТИГ,Tigil
TEX,Telluride Regional
HZH,Liping Airport
NAQ,Qaanaaq Airport
VSA,Carlos Rovirosa Perez International Airport
FAV,Fakarava Airport
WIN,Winton Airport
NLV,Nikolaev (Mykolaiv)
BQT,Brest Airport
TDX,Trat Airport
PVG,Shanghai Pudong International Airport
RDP,Kazi Nazrul Islam
IAS,Iasi Airport
TIM,Timika Airport
BFI,Boeing Field International Airport
QXB,Aix-en-Provence TGV Railway Station
QQS,St Pancras International RailSt
UNK,Unalakleet Airport
XDY,Sudbury Jct Railway
IQQ,Diego Aracena International Airport
RSU,Yeosu Airport
DOU,Dourados Airport
VLI,Bauerfield Airport
FUE,Fuerteventura Airport
VFA,Victoria Falls Airport
MWX,Muan International Airport
RTM,Rotterdam The Hague Airport
QOF,Darnitsa Bus Station
TBU,Fua'amotu International Airport
PNA,Pamplona Airport
DAY,James M. Cox Dayton International Airport
FTE,El Calafate Airport
OHD,Ohrid Airport
PBH,Paro Airport
MQF,Magnitogorsk Airport
CKZ,Canakkale Airport
HND,Haneda Airport
ZSE,St Pierre dela Reunion
TAM,Tampico International Airport
FUO,Fuoshan Airport
ALG,Houari Boumediene Airport
IRK,Kirksville Municipal Airport
MQM,Mardin Airport
ALW,Walla Walla Airport
TJJ,Tianjin Bus Station
PJA,Pajala Airport
STS,Sonoma County Airport
ACA,Acapulco International Airport
BIA,Bastia Poretta Airport
SHJ,Sharjah International Airport
KCO,Cengiz Topel Airport
XEX,Aerogare
DGT,Dumaguete Airport
TRD,Trondheim Airport Vaernes
SNN,Shannon Airport
ALA,Almaty Airport
IGR,Cataratas del Iguazu International Airport
OMA,Eppley Airfield
IVL,Ivalo Airport
VGD,Vologda Airport
XVY,Mestre Railway.
TBP,Capitan FAP Pedro Canga Rodriguez Airport
IAN,Bob Baker Memorial Airport
AMA,Rick Husband Amarillo International Airport
AXA,Clayton J. Lloyd International Airport
JSI,Skiathos Airport
SJD,Los Cabos
XEA,Vancouver Railway.
PED,Pardubice Airport
DCA,Ronald Reagan National Airport
NOS,Fascene Airport
GRZ,Graz Airport
SBY,Wicomico Regional Airport
WUX,Sunan Shuofang International Airport
YAM,Sault Ste. Marie Airport
AKU,Aksu Airport
QJZ,Nantes Railway Station
PKU,Sultan Syarif Kasim II International Airport
UNN,Ranong Airport
KDV,Kandavu Airport
RUN,Reunion Roland Garros Airport
SBH,St. Barthelemy Airport
CJM,Chumphon Airport
XDG,Halifax Railway Station
TLN,Hyeres Airport
SHE,Shenyang Taoxian International Airport
GSP,Greenville-Spartanburg International Airport
ZBP,Baltimore Railway
XHX,Adelaide Keswick Railway
PXO,Porto Santo Airport
PAH,Barkley Regional Airport
SJC,Norman Y. Mineta San Jose International Airport
SGD,Sonderborg Airport
ISG,Painushima Ishigaki Airport
PVD,Theodore Francis Green Memorial State Airport
COS,Colorado Springs Airport
YZY,Zhangye Ganzhou Airport
SCE,University Park Airport
ANS,Andahuaylas
HEA,Herat International Airport
XGB,Gare Montparnasse
XSP,Seletar
TLT,Tuluksak Airport
IBZ,Ibiza Airport
HUY,Humberside Airport
LUV,Langgur Airport
IFN,Isfahan International Airport
QDK,Greyhound Bus Station
HFE,Hefei Xinqiao Airport
VGO,Vigo Airport
SDP,Sand Point Municipal Airport
GUC,Gunnison Airport
GYU,Guyuan Liupanshan Airport
SDN,Sandane Airport
LMP,Lampedusa Airport
SDY,Richland Municipal Airport
MZO,Sierra Maestra Airport
OER,Ornskoldsvik Airport
SCO,Aktau International Airport
IGD,Igdir
QGV,Neu Isenburg
MYY,Miri Airport
RXS,Roxas City Airport
ZMS,S.M. Novella Rail.Svc
YJV,Valencia Railway Station
IAM,In Amenas Airport
XDS,Ottawa Railway Station
PVU,Provo Airport
NEW,Lakefront Airport
JNX,Naxos Airport
TRW,Bonriki Airport
OSS,Osh Airport
APA,Centennial Airport
WAA,Wales Airport
TAK,Takamatsu Airport
MXL,Mexicali Airport
ANE,Angers-Marce Airport
YBP,Yibin Caiba Airport
NDJ,Ndjamena Airport
RAR,Rarotonga Airport
SHM,Shirahama Airport
SFT,Skelleftea Airport
VAW,Vardoe Airport
SFJ,Kangerlussuaq Airport
SDK,Sandakan Airport
JHG,Xishuangbanna Gasa Airport
KKH,Kongiganak Airport
OAX,Xoxocotlan Airport
URC,Urumqi Diwopu International Airport
VLL,Valladolid Airport
OVD,Asturias Airport
PMW,Palmas Airport
MZT,Mazatlan International Airport
PEI,Matecana International Airport
IFJ,Isafjordur Airport
RBR,Pres. Medici Airport
YYB,Jack Garland Airport
UTH,Udon Thani International Airport
AMD,Ahmedabad Airport
PDX,Portland International Airport
AMH,Arba Mintch Airport
HOX,Homalin Airport
TTA,Tan Tan Airport
IND,Indianapolis International Airport
CCS,Simon Bolivar International Airport
YIH,Yichang Sanxia Airport
UYN,Yulin Yuyang Airport
ANX,Andenes Airport
WBM,Wapenamanda Airport
JER,Jersey Airport
TOE,Tozeur Airport
ORD,O'Hare International Airport
KCZ,Kochi Ryoma Airport
HOR,Horta Airport
BBI,Biju Patnaik International Airport
NBE,Enfidha - Hammamet International Airport
GMP,Gimpo International Airport
OSL,Oslo Airport Gardermoen
ORB,Orebro-Bofors Airport
OOM,Snowy Mountains Airport
DQA,Daqing Shi Airport
SHO,King Mswati III International Airport
NAO,Nanchong Airport
HGO,Korhogo Airport
SHB,Nakashibetsu Airport
BLB,Panama Pacifico Airport
XZO,Oslo S Railway Station
YKG,Kangirsuk Airport
FTA,Futuna Airport
VDZ,Valdez Municipal Airport
NDB,Nouadhibou Airport
VTE,Wattay International Airport
SOF,Sofia Airport
VIN,Havryshivka Vinnytsia International Airport
PNT,Teniente J. Gallardo
SIT,Sitka Airport
ORY,Paris Orly Airport
YSM,Fort Smith Airport
ONG,Mornington Airport
XET,Karlsruhe Bus Station
RDD,Redding Municipal Airport
OMO,Mostar Airport
ANI,Aniak Airport
VAS,Sivas Airport
SDL,Sundsvall-Timra Airport
OKJ,Okayama Airport
SHD,Shenandoah Valley Airport
YXY,Whitehorse Airport
AOI,Ancona Falconara Airport
KMQ,Komatsu Airport
INP,Naples Central Railway Station
PPW,Papa Westray Airport
TUS,Tucson International Airport
XYG,Prague Main Railway Station
FSZ,Shizuoka Airport
MAJ,Amata Kabua International Airport
BLR,Kempegowda International Airport
PBG,Plattsburgh International Airport
RNB,Kallinge Airport
MYQ,Mysore
QZD,Szeged
JAV,Ilulissat Airport
AOH,Allen County
PZU,Port Sudan Airport
VRA,Juan Gualberto Gomez Airport
IXZ,Port Blair Airport
KKC,Khon Kaen Airport
BMI,Central Illinois Regional Airport
OOK,Toksook Bay Airport
NNT,Nan Airport
IOA,Ioannina Airport
SLP,San Luis Potosi Airport
KUM,Yakushima Airport
CAM,Camiri
JOS,Jos Airport
PIT,Pittsburgh International Airport
HKT,Phuket International Airport
ZIU,Railway
SSJ,Stokka Airport
LNK,Lincoln Airport
JOG,Adisutjipto International Airport
DDC,Dodge City Municipal Airport
ZYL,Civil Airport
VCA,Can Tho Airport
AOO,Altoona Airport
AYJ,Ayodhya Airport
OXB,Osvaldo Vieira Airport
AJU,Aracaju Airport
TGO,Tongliao Airport
SHV,Shreveport Regional Airport
JSU,Heliport
TVF,Thief River Falls Regional Airport
VLC,Valencia Airport
PIR,Pierre Regional Airport
KUN,Kaunas Airport
HDG,Handan Airport
GPS,Baltra Airport
LKA,Gewayenta Airport
HJR,Khajuraho Airport
APO,Apartado Airport
KLO,Kalibo International Airport
SAF,Santa Fe
KLR,Kalmar Oland Airport
YXH,Medicine Hat Regional Airport
DMS,SABTCO Bus Station
TYL,Captain FAP Victor Montes Arias Airport
WXN,Wanxian Airport
YXE,Saskatoon International Airport
VIJ,Virgin Gorda Airport
IKS,Tiksi Airport
HGH,Hangzhou Xiaoshan International Airport
FIR,Firenze C.M. Raiway Station
KRO,Kurgan Airport
IBT,Bologna Central Railway Station
LRE,Longreach Airport
SLM,Matacan Airport
HDM,Hamadan Airport
CAC,Cascavel Airport
EGX,Egegik Airport
PCL,Capitan Rolden Airport
YNS,Nemiscau Airport
CBB,J Wilsterman Airport
VIL,Dakhla Airport
YBL,Campbell River Airport
SLK,Adirondack Airport
CMB,Bandaranaike International Airport
DPL,Dipolog Airport
DUR,King Shaka International Airport
PEM,Puerto Maldonado Airport
TAH,Tanna Airport
KPO,Pohang Airport
FJR,Al-Fujairah International
KSN,Kostanay Airport
VVI,Viru Viru International Airport
AGH,Angelholm Helsingborg Airport
EEK,Eek Airport
PES,Petrozavodsk Airport
DZA,Dzaoudzi Airport
GRI,Grand Island Airport
EDL,Eldoret Airport
VLY,Anglesey Airport
DSM,Des Moines International Airport
YND,Gatineau Airport
SKX,Saransk Airport
GCK,Garden City Municipal Airport
LWB,Greenbrier Valley Airport
TKS,Tokushima Awaodori Airport
FRD,Friday Harbor Airport
USM,Koh Samui Airport
KCA,Kuqa Airport
IOS,Ilheus/Bahia-Jorge Amado Airport
PBZ,Plettenberg Bay Airport
PUF,The Pau-Pyrenees International Airport
JIB,Djibouti-Ambouli International Airport
SKT,Sialkot Airport
ZUG,Harrisburg Railway
PZO,Manuel Carlos Piar Guayana Airport
ZYN,Railway
KKJ,Kitakyushu Airport
GMZ,La Gomera Airport
VII,Vinh Airport
TGU,Toncontin Airport
ACY,Atlantic City International Airport
CIT,Shymkent Airport
JMU,Jiamusi Airport
AOK,Karpathos Airport
DNH,Dunhuang Airport
WBB,Stebbins Airport
SCN,Ensheim Airport
IXA,Agartala Airport
SUJ,Satu Mare International Airport
DIY,Diyarbakir Airport
TUI,Turaif Airport
YUM,Yuma International Airport
YEI,Yenisehir Airport
APN,Alpena County Regional Airport
DPA,DuPage Airport
RMA,Roma Airport
WEF,Weifang Airport
VDC,Vitoria Da Conquista Airport
ROI,Roi Et Airport
RKS,Rock Springs-Sweetwater County Airport
KLT,Kaiserslautern
RSW,Southwest Florida International Airport
ZYI,Zunyi Xinzhou Airport
TCO,La Florida Airport
YIP,Willow Run Airport
SMK,St. Michael Airport
GTO,Tolotio Airport
INB,Independence
ENY,Ershilipu Airport
GIS,Gisborne Airport
KWT,Kwethluk Airport
MOF,Wai Oti Airport
TOS,Tromso/Langnes Airport
XCH,Christmas Island Airport
ART,Watertown Airport
EZE,Ministro Pistarini Airport
ASJ,Amami Airport
OBZ,Hamburg Bus Station
PUS,Gimhae International Airport
FMA,El Pucu Airport
CUF,Levaldigi Airport
IWJ,Hagi-Iwami Airport
PRH,Phrae Airport
BTJ,Sultan Iskandar Muda International Airport
YMM,Fort McMurray International Airport
LXG,Luang Namtha Airport
PSC,Tri-Cities Airport
TUO,Taupo Airport
YCG,Castlegar Airport
SRY,Dashte Naz Airport
PSA,Pisa International Airport
VXO,Vaxjo Airport
MLG,Abdul Rachman Saleh Airport
DRS,Dresden International Airport
NYO,Stockholm Skavsta Airport
FTU,Marillac Airport
HID,Horn Island Airport
PWE,Pevek Airport
VEL,Vernal Regional Airport
AOE,Anadolu University
KWN,Kwinhagak Airport
FEG,Fergana Airport
FYU,Fort Yukon Airport
ASM,Asmara International Airport
SNR,Montoir Airport
SNO,Sakon Nakhon Airport
PSG,Petersburg Municipal Airport
CGD,Changde Airport
UUD,Ulan-Ude Airport
STG,St. George Island Airport
CRP,Corpus Christi International Airport
FAR,Hector International Airport
JRH,Rowriah Airport
CGI,Cape Girardeau Airport
ASB,Ashgabat Airport
LMM,Federal Airport
PSR,Abruzzo Airport
LIF,Lifou Airport
NCS,Newcastle
ASW,Aswan Airport
PPS,Puerto Princesa International Airport
PUJ,Punta Cana International Airport
BIH,Eastern Sierra Regional Airport
KRF,Kramfors Airport
LOH,Ciudad de Catamayo Airport
QDU,Station
KRP,Karup Airport
PPP,Whitsunday Coast Airport
LRH,Laleu Airport
KDL,Kardla Airport
PQS,Pilot Station Airport
RIX,Riga International Airport
CRI,Crooked Island Airport
HTS,Tri-State/Milton Airport
GBT,Gorgon Airport
IWD,Gogebic County Airport
MCP,Macapa International Airport
ROC,Greater Rochester International Airport
KNS,King Island Airport
ZRZ,New Carrolton RR
JNB,O.R. Tambo International Airport
LUG,Lugano Airport
MAA,Chennai Airport
LUX,Luxembourg Airport
JOK,Yoshkar-Ola Airport
SHW,Sharurah Airport
XMB,Marina Mall EY Bus Station
CNY,Canyonlands Field
YEG,Edmonton International Airport
PZI,Pan Zhi Hua Bao An Ying
YCO,Kugluktuk Airport
MEB,Essendon Airport
MFE,McAllen International Airport
MAH,Menorca Airport
MDT,Harrisburg International Airport
XJV,Ostrava Main Railway Station
FMO,Munster Osnabruck International Airport
YQF,Red Deer Regional Airport
RAK,Menara Airport
ZGJ,Brugge Railway Station
MFK,Matsu Beigan Airport
AJF,Jouf Airport
CLQ,Colima Airport
ZRG,Bratislava Bus Station
NVT,Navegantes Airport
YBZ,Toronto Downtown
SPN,Saipan International Airport
MGQ,Mogadishu International Airport
ROB,Roberts International Airport
YEV,Inuvik Mike Zubko Airport
WAG,Wanganui Airport
SJO,Juan Santamaria International Airport
AUC,Arauca Airport
RCC,Reggio di Calabria Central Railway Station
GRW,Graciosa Island Airport
TGP,Podkamennaya Tunguska Airport
TUF,Val de Loire Airport
DHN,Dothan Regional Airport
CNQ,Camba Punta Airport
PFB,Passo Fundo Airport
MGA,Augusto C Sandino International Airport
KAD,Kaduna Airport
MLN,Melilla Airport
DAU,Daru Airport
HBA,Hobart International Airport
DXB,Dubai Airport
YBC,Baie-Comeau Airport
TTT,Taitung Airport
GVR,Governador Valadares Airport
GIB,North Front Airport
ZLO,Manzanillo Airport
OAL,Cacoal Airport
COO,Cotonou Airport
YQQ,Comox Airport
AUQ,Hiva Oa Airport
HCR,Holy Cross Airport
YYT,St. John's International Airport
SJZ,Sao Jorge Island Airport
ACX,Xingyi Airport
YKQ,Waskaganish Airport
NUL,Nulato Airport
PKY,Tjilik Riwut Airport
ZVR,Hanover Railway
QWC,Zoo Railway Station
YQM,Greater Moncton International Airport
ZDH,Basel SBB station
MKM,Mukah Airport
YNT,Yantai Laishan International Airport
UKA,Ukunda Airport
PGX,Perigueux Airport
MBT,Masbate Airport
CWL,Cardiff Airport
САМ,Samarkand Railway Station
SRG,Achmad Yani International Airport
UEL,Quelimane Airport
JUL,Juliaca Airport
FOC,Changle International Airport
MHC,Mocopulli Airport
MKK,Molokai Airport
XYD,Lyon Part-Dieu
DAB,Daytona Beach International Airport
KJA,Krasnoyarsk International Airport
DAL,Dallas Love Field
ABT,Al-Aqiq Airport
TAY,Tartu Airport
NRK,Kungsangen Airport
YQR,Regina International Airport
RHI,Oneida County Airport
ZHY,Zhongwei Airport
MKC,Charles B. Wheeler Downtown Airport
UCT,Ukhta Airport
LUD,Luderitz Airport
YNE,Norway House Airport
SNP,Saint Paul Island Airport
DMD,Doomadgee Airport
MUA,Munda Airport
URT,Surat Thani Airport
IBE,Ibague Airport
YSO,Postville Airport
XTT,Etoile
DPO,Devonport Airport
XYB,Borlange Railway
LCX,Liancheng Airport
LUK,Cincinnati Municipal Lunken Airport
MHQ,Mariehamn Airport
ZHA,Zhanjiang Airport
IRA,Kirakira Airport
DIG,Diqing Shangri-La Airport
XER,Strasbourg Bus Service
MDG,Mudanjiang Airport
MOU,Mountain Village Airport
CTL,Charleville Airport
IWA,Ivanovo Yuzhny Airport
YXT,Northwest Regional Airport
SDE,Santiago Del Estero Airport
CPX,Benjamin Rivera Noriega Airport
BKI,Kota Kinabalu International Airport
MLI,Quad City International Airport
AVN,Avignon-Caumont Airport
MCI,Kansas City International Airport
YQZ,Quesnel Airport
VNX,Vilanculos Airport
HRL,Valley International Airport
NYM,Nadym Airport
TMR,Aguenar - Hadj Bey Akhamok Airport
MAZ,Eugenio M. De Hostos Airport
TLM,Zenata Airport
SOJ,Sorkjosen Airport
KSH,Kermanshah Airport
MKQ,Mopah Airport
MKL,Mckellar Airport
FOD,Fort Dodge Airport
YBV,Berens River Airport
DRX,Dresden Bus Station
XYQ,Angelholm Railway
WUA,Wuhai Airport
MOV,Moranbah Airport
MSS,Richards Field
ZVM,Messe-BF Railway Servi
SCC,Prudhoe Bay/Deadhorse Airport
JSR,Jessore Airport
MYU,Ellis Field
KEP,Nepalganj Airport
WWK,Boram Airport
YAX,Angling Lake Airport
CZX,Changzhou Airport
YTS,Timmins Victor M. Power Airport
ZGB,Nottingham Bus Station
DED,Dehra Dun Airport
KIR,Kerry County Airport
IRJ,La Rioja Airport
PGD,Charlotte County Airport
SSG,Malabo Airport
CLD,McClellan-Palomar Airport
DJB,Sultan Thaha Airport
YXP,Pangnirtung Airport
ZUN,Chicago Union Railway Station
LNY,Lanai Airport
DAV,Enrique Malek Airport
HOB,Lea County Airport
YJW,Jerez Railway Station
MTJ,Montrose Regional Airport
MMX,Malmo Airport
MRE,Mara Lodges Airport
KLW,Klawock Airport
BRS,Bristol Airport
KSA,Kosrae Airport
JKL,Kalymnos Island National Airport
MSN,Dane County Regional Airport
PVC,Provincetown Airport
MEH,Mehamn Airport
KDI,Haluoleo Airport
NJF,Al-Najaf International Airport
TCZ,Tengchong Tuofeng Airport
CTU,Chengdu Shuangliu International Airport
MLE,Male International Airport
MLH,EuroAirport Basel-Mulhouse-Freiburg
YGT,Igloolik Airport
DLU,Dali Airport
FUJ,Fukue Airport
DWD,Dawadmi Airport
PUW,Moscow Regional Airport
LLW,Lilongwe International Airport
YHD,Dryden Regional Airport
ZQN,Queenstown Airport
AVV,Avalon Airport
JGN,Jiayuguan Airport
INH,Inhambane Airport
GOU,Garoua Airport
MEM,Memphis International Airport
CVN,Clovis Municipal Airport
XIR,Dresden Hbf Railway Station
MGW,Morgantown Airport
BUR,Bob Hope Airport - Hollywood Burbank
AYQ,Connellan Airport
XXQ,Keleti Railway Station
LWY,Lawas Airport
GSM,Dayrestan Airport
YIE,Arxan Yiershi Airport
QKU,Messe/Deutz Rail Station
BSD,Baoshan Airport
MYW,Mtwara Airport
KGC,Kingscote Airport
ATM,Altamira Airport
MMY,Miyako Airport
AXU,Axum Airport
AZN,Andizhan Airport
AXM,El Eden Airport
XYH,Helsingborg Railway
IXB,Bagdogra Airport
EJH,Wedjh Airport
SCY,San Cristobal Airport
ILP,Ile Des Pins Airport
VDH,Dong Hoi Airport
HBE,Borg El Arab Airport
DIB,Dibrugarh Airport
MVY,Martha's Vineyard Airport
PSM,Pease Air Force Base
BAL,Batman Airport
DRV,Dharavandhoo AIrport
DMU,Dimapur Airport
DOD,Dodoma Airport
DJE,Melita Airport
ZGH,Copenhagen H Rail Station
MZR,Mazar-I-Sharif Airport
MVD,Carrasco International Airport
TPQ,Tepic Airport
MSO,Missoula International Airport
DLI,Lien Khuong Airport
ISE,Isparta Suleyman Demirel Airport
MYA,Moruya Airport
DRT,Del Rio International Airport
SWO,Searcy Field
EWN,Coastal Carolina Regional Airport
DSN,Ordos Ejin Horo Airport
JXA,Jixi Airport
FOR,Pinto Martins Airport
HFT,Hammerfest Airport
DOY,Dongying Airport
MYP,Mary Airport
NYA,Nyagan Airport
NOZ,Novokuznetsk Airport
PGK,Depati Amir Airport
MGB,Mount Gambier Airport
RHO,Rhodes Airport
XVU,Durham Railway Station
RAS,Rasht Airport
OKC,Will Rogers World Airport
XQA,Santa Justa Railway Station
KKE,Kerikeri Airport
BAS,Balalae
URJ,Uraj Airport
ZMU,Munich Hbf Railway Station
BKK,Suvarnabhumi Airport
EAR,Kearney Regional Airport
SAP,Ramon Villeda Morales International Airport
FSA,CZ Bus Station
ZMB,Hamburg Hbf Railway Station
IXD,Bamrauli Airport
URY,Gurayat Airport
GDV,Dawson Community Airport
GRR,Gerald R. Ford International Airport
DPS,Ngurah Rai International Airport
KMI,Miyazaki Airport
XDP,Moncton Railway Station
CSX,Changsha Huanghua Airport
FBD,Faizabad Airport
KIJ,Niigata Airport
LIT,Bill and Hillary Clinton National Airport
BLI,Bellingham International Airport
KAL,Kaltag Airport
SYZ,Shiraz International Airport
BLL,Billund Airport
TOH,Torres Airstrip
UIB,El Carano Airport
VXE,Cesaria Evora International Airport
TCR,Tuticorin Airport
FMI,Kalemie Airport
KVL,Kivalina Airport
DMB,Jambyl Airport
GKA,Goroka Airport
AIA,Alliance Airport
YJM,Malaga Railway Station
TGC,Tanjung Manis Airport
KOT,Kotlik Airport
UIO,Mariscal Sucre International Airport
YQY,Sydney Airport
HEL,Helsinki-Vantaa Airport
CTM,Chetumal Airport
ZYP,Penn Railway Station
BKW,Beckley Airport
SZY,Olsztyn-Mazury Airport
BCN,Barcelona-El Prat Airport
MSQ,Minsk National Airport
MJT,Mytilene International Airport
UKK,Ust-Kamenogorsk Airport
BLZ,Chileka Airport
HNS,Haines Municipal Airport
GSO,Piedmont Triad International Airport
BNA,Nashville International Airport
KIY,Kilwa Masoko Airport
TBS,Tbilisi International Airport
BME,Broome Airport
YVP,Kuujjuaq Airport
UIN,Quincy Municipal Airport
SVA,Savoonga Airport
SDD,Lubango Airport
ZPE,Osnabrueck Hbf Rail Station
FCM,Flying Cloud Airport
QSG,Sonderborg
REG,Tito Menniti Airport
BNK,Ballina Byron Airport
CGY,Laguindingan International Airport
IEG,Zielona Gora-Babimost Airport
SEZ,Seychelles International Airport
HIB,Chisholm Airport
XDX,Sarnia Railway Station
TLS,Toulouse-Blagnac Airport
BOD,Bordeaux Airport
GES,General Santos International Airport
BNI,Benin City Airport
ZJO,San Jose Bus Station
SCK,Stockton Airport
NKM,Nagoya Airport
SRP,Stord Airport
KOA,Kona International Airport at Keahole
RRS,Roros Airport
XTP,Tampere Bus Station
RIA,Santa Maria Airport
RMQ,Taichung International Airport
SCW,Syktyvkar Airport
EKO,Elko Airport
BOI,Boise Air Terminal (Gowen Field)
HAS,Hail Airport
CPR,Casper/Natrona County International Airport
MQN,Mo i Rana Airport
YGP,Michel-Pouliot Gaspe Airport
XEG,Kingston Railway Station
VLD,Valdosta Regional Airport
BSR,Basra International Airport
MPL,Montpellier Mediterranee Airport
EAM,Nejran
MPH,Boracay Airport
HYG,Hydaburg Sea Plane Base
OGX,Ain Beida Airport
MOQ,Morondava Airport
LAI,Servel Airport
SCT,Socotra
BOG,El Dorado International Airport
KSU,Kristiansund Airport, Kvernberget
GND,Maurice Bishop International Airport
ALH,Albany Airport
LBE,Westmoreland County Airport
SDR,Santander Airport
FKI,Bangoka International Airport
RVK,Ryumsjoen Airport
TEB,Teterboro Airport
WIC,Wick Airport
BRQ,Turany Airport
MST,Maastricht Aachen Airport
QRH,Rotterdam Centraal Railway Station
WNA,Napakiak Sea Plane Base
HGR,Wash. County Regional Airport
ROT,Rotorua International Airport
MTR,Los Garzones Airport
NYU,Nyaung U Airport
UFA,Ufa International Airport
QUO,Akwa Ibom Airport
JSA,Jaisalmer
GZT,Gaziantep Airport
ZLP,HB Railway Station
BRD,Crow Wing County Airport
NAY,Beijing Nanyuan Airport
MGM,Montgomery Regional Airport
GEO,Cheddi Jagan International Airport
TIR,Tirupati Airport
RGS,Burgos
GIG,Galeao Antonio Carlos Jobim International Airport
XJU,Burgos Bus Station
QYI,Hilversum Railway Station
LJU,Ljubljana Joze Pucnik Airport
QQX,Bath Spa Railway Station
YFT,Taipa Ferry Port
DAD,Da Nang International Airport
ZRH,Zurich Airport
HAJ,Hannover Airport
LRS,Leros Airport
RJK,Rijeka Airport
CXR,Cam Ranh International Airport
VAK,Chevak Airport
MRV,Mineralnye Vody Airport
PUY,Pula Airport
TVS,Tangshan Sannuhe Airport
ZTC,Turin Bus Station
BCO,Jinka
BOS,Logan International Airport
SLW,Plan de Guadalupe International Airport
XJN,Valladolid Bus Station
GLV,Golovin Airport
HAU,Haugesund Airport
CMH,John Glenn Columbus International Airport
GET,Geraldton Airport
AHB,Abha Regional Airport
MJI,Mitiga, Tripoli Airport
YRL,Red Lake Airport
AKX,Aktobe Airport
